filename,threshold,actual_s,timeout,pred_s,score
0071a13b.qasm,16,1.8681458,0,1.8518,0.9981
0071a13b.qasm,64,11.326892,0,11.3603,0.9994
0071a13b.qasm,512,464.3260995,0,463.3942,0.9996
00c20ece.qasm,16,161.7787413,0,53.1273,0.7582
00c20ece.qasm,64,167.9989433,0,51.1284,0.7417
00c20ece.qasm,512,161.3895199,0,50.3047,0.7469
03042ac9.qasm,16,1.8659897,0,1.854,0.9986
03042ac9.qasm,64,11.3251936,0,11.1058,0.9958
03042ac9.qasm,512,463.7429635,0,459.5376,0.998
03934028.qasm,16,1794.6356797,0,2426.2874,0.9345
03934028.qasm,64,1229.5821332,0,2354.8174,0.8589
03934028.qasm,512,14400.0,1,5064.1951,0.7731
03ee478e.qasm,16,0.1773445,0,0.1786,0.9985
03ee478e.qasm,64,1.1159592,0,0.5919,0.8623
03ee478e.qasm,512,0.1874653,0,0.199,0.9871
04276362.qasm,16,0.1799067,0,0.1788,0.9987
04276362.qasm,64,0.2163521,0,0.2216,0.9948
0491d461.qasm,16,0.5425538,0,0.5582,0.9938
0491d461.qasm,64,1.3414259,0,1.2724,0.9885
0491d461.qasm,512,3.4521178,0,3.4021,0.9968
0525d9ee.qasm,16,0.5416311,0,0.6277,0.968
0525d9ee.qasm,64,1.3424445,0,1.0935,0.9555
0525d9ee.qasm,512,3.4716296,0,3.5692,0.994
0534bf07.qasm,16,14400.0,1,9565.2445,0.9112
0534bf07.qasm,64,1767.6446073,0,13364.278,0.5607
0534bf07.qasm,512,14400.0,1,14400.0,1.0
055dc894.qasm,16,4.6650311,0,4.826,0.9926
055dc894.qasm,64,3.8863319,0,6.5337,0.8872
055dc894.qasm,512,1383.5908083,0,315.4177,0.6789
056c2b99.qasm,16,0.5823536,0,0.5761,0.9977
056c2b99.qasm,64,0.4523345,0,0.4584,0.9971
056c2b99.qasm,512,0.4509034,0,0.4313,0.9904
058c7d32.qasm,16,0.2154033,0,0.3872,0.8726
058c7d32.qasm,64,0.6617786,0,0.532,0.9526
067475b0.qasm,16,1.4051409,0,1.2872,0.981
067475b0.qasm,64,5.7053756,0,5.7048,1.0
067475b0.qasm,512,134.096117,0,139.1821,0.9919
06857ab2.qasm,16,86.8517603,0,48.7831,0.8747
06857ab2.qasm,64,144.5014577,0,111.0316,0.9428
06857ab2.qasm,512,5763.2224921,0,3851.536,0.9125
06a7dabf.qasm,16,1.4427283,0,1.4781,0.9947
06a7dabf.qasm,64,8.5008263,0,8.5436,0.9989
06a7dabf.qasm,512,307.4940343,0,310.5554,0.9978
06e45cf2.qasm,16,0.5780354,0,0.5617,0.9938
06e45cf2.qasm,64,1.1292338,0,1.1122,0.9967
06e45cf2.qasm,512,2.769683,0,2.7431,0.9979
0732491c.qasm,16,5.4931465,0,10.0469,0.8689
0732491c.qasm,64,1.8221959,0,2.3562,0.9442
0732491c.qasm,512,5.6868296,0,44.8332,0.5516
07fc5b22.qasm,16,0.5416286,0,0.5415,0.9999
07fc5b22.qasm,64,1.3364759,0,1.0776,0.9533
07fc5b22.qasm,512,3.4643764,0,3.5801,0.9929
08239e90.qasm,16,63.9664198,0,51.7061,0.9538
08239e90.qasm,64,3.2675198,0,2.8448,0.9699
0885b672.qasm,16,1.6545858,0,1.5694,0.9885
0885b672.qasm,64,8.9290951,0,8.095,0.9787
0885b672.qasm,512,332.1005505,0,342.1962,0.9935
0a0f4c36.qasm,16,0.1840534,0,0.2937,0.8985
0a0f4c36.qasm,64,0.2601157,0,0.4086,0.9019
0a0f4c36.qasm,512,0.1663742,0,0.483,0.7686
0b0e43d6.qasm,16,1.78757,0,1.7992,0.9986
0b0e43d6.qasm,64,9.9584508,0,9.8656,0.998
0b0e43d6.qasm,512,373.9455346,0,387.0287,0.9925
0b325fdd.qasm,16,204.4226062,0,147.2494,0.9288
0b325fdd.qasm,64,7.9006322,0,6.7121,0.9646
0bde3200.qasm,16,0.2337671,0,0.3469,0.9143
0bde3200.qasm,64,0.232663,0,0.3464,0.9136
0c0ce4a1.qasm,16,0.5861573,0,0.5206,0.9743
0c0ce4a1.qasm,64,0.4553035,0,0.4484,0.9967
0c0ce4a1.qasm,512,0.4561859,0,0.4175,0.9807
0c676248.qasm,16,0.1680261,0,0.5144,0.7571
0c676248.qasm,64,10.329901,0,6.9181,0.9129
0c676248.qasm,512,0.1810114,0,0.7022,0.7056
0cc92082.qasm,16,0.2225849,0,0.3733,0.8877
0cc92082.qasm,64,0.5742476,0,0.3666,0.9025
0cc92082.qasm,512,0.1836235,0,0.3197,0.8796
0cd81bd7.qasm,16,1.4029748,0,1.4749,0.9891
0cd81bd7.qasm,64,7.9577663,0,7.7289,0.9937
0cd81bd7.qasm,512,285.4685768,0,288.4415,0.9978
0d08bd43.qasm,16,2469.4623289,0,823.9405,0.7616
0d08bd43.qasm,64,188.0797988,0,1819.2263,0.5072
0d08bd43.qasm,512,14400.0,1,9468.273,0.909
0d094263.qasm,16,0.1798306,0,0.2658,0.9152
0d094263.qasm,64,0.354708,0,0.3028,0.9656
0d094263.qasm,512,0.1757012,0,0.2926,0.8893
0d6f51b4.qasm,16,0.1818558,0,0.18,0.9977
0d6f51b4.qasm,64,0.2284205,0,0.2108,0.9826
0d6f51b4.qasm,512,0.1679753,0,0.1731,0.9935
0e8ddfa3.qasm,16,1.1595966,0,1.0888,0.9863
0e8ddfa3.qasm,64,3.4204512,0,3.4442,0.9985
0e8ddfa3.qasm,512,72.2163522,0,75.6379,0.9899
0ee54ab9.qasm,16,0.1781427,0,0.2382,0.9369
0ee54ab9.qasm,64,0.2257454,0,0.2333,0.9929
0ee54ab9.qasm,512,0.1782451,0,0.7365,0.6919
0f6ae53c.qasm,16,0.1749243,0,0.1565,0.9758
0f6ae53c.qasm,64,0.6351061,0,0.5521,0.9696
0f6ae53c.qasm,512,0.1797566,0,0.1737,0.9926
10761caa.qasm,16,1.2039713,0,1.1793,0.9955
10761caa.qasm,64,4.1564553,0,4.1416,0.9992
10761caa.qasm,512,91.7516627,0,94.62,0.9933
10ea3498.qasm,16,0.1689698,0,0.2193,0.9433
10ea3498.qasm,64,1.1595227,0,0.8939,0.9435
10ea3498.qasm,512,0.1702938,0,0.2499,0.9167
1154e9d9.qasm,16,14400.0,1,2080.6445,0.5799
1154e9d9.qasm,512,14400.0,1,4037.7088,0.7239
12157215.qasm,16,2000.5838667,0,1127.0413,0.8754
12157215.qasm,64,851.9857255,0,781.7065,0.9813
12157215.qasm,512,14400.0,1,14400.0,1.0
125f60d7.qasm,16,1463.310554,0,1627.1921,0.9769
125f60d7.qasm,64,804.1303602,0,1359.9106,0.8859
138d2c7b.qasm,16,1.5629332,0,1.5137,0.9931
138d2c7b.qasm,64,7.723485,0,7.7419,0.9995
138d2c7b.qasm,512,266.476829,0,263.7502,0.9978
13b8e3f8.qasm,16,1.15246,0,1.1199,0.9938
13b8e3f8.qasm,64,5.0568936,0,5.0708,0.9994
13b8e3f8.qasm,512,143.3873458,0,145.7626,0.9964
13eb49aa.qasm,16,0.1763388,0,0.335,0.8607
13eb49aa.qasm,64,1.03723,0,1.3059,0.95
14019fed.qasm,16,85.5577261,0,27.7821,0.7558
14019fed.qasm,64,7.7015564,0,9.3109,0.9588
14019fed.qasm,512,125.5504268,0,78.0119,0.8967
149b1e7c.qasm,16,5.2218446,0,3.4711,0.9113
149b1e7c.qasm,64,0.1728306,0,0.3617,0.8397
15434610.qasm,16,1.5159936,0,1.552,0.9949
15434610.qasm,64,7.7436007,0,7.8265,0.9977
15434610.qasm,512,260.9629378,0,267.9164,0.9943
159b3481.qasm,16,0.5732643,0,0.5861,0.9952
159b3481.qasm,64,1.1235271,0,1.1194,0.9992
159b3481.qasm,512,2.7779996,0,2.9308,0.9884
15c28669.qasm,16,0.2514302,0,2.4644,0.5043
15c28669.qasm,64,0.3990744,0,0.3375,0.9636
15c28669.qasm,512,0.2419986,0,0.4271,0.8766
1619b169.qasm,16,0.1731894,0,0.386,0.826
1619b169.qasm,64,0.1710901,0,0.2213,0.9441
1619b169.qasm,512,0.1821666,0,0.2456,0.9351
166e9d3a.qasm,16,0.1806124,0,0.1999,0.9779
166e9d3a.qasm,64,0.169258,0,0.1999,0.9638
166e9d3a.qasm,512,0.169438,0,0.1644,0.9935
1688d759.qasm,16,1.9672979,0,1.9581,0.999
1688d759.qasm,64,14.0990323,0,14.007,0.9986
1688d759.qasm,512,559.5118792,0,556.2458,0.9987
16ff70bb.qasm,16,2.1233068,0,2.1231,1.0
16ff70bb.qasm,64,12.1212474,0,12.3521,0.9959
16ff70bb.qasm,512,493.8101792,0,494.2951,0.9998
17253376.qasm,16,1.7846797,0,1.7679,0.998
17253376.qasm,64,12.199884,0,11.8332,0.9934
17253376.qasm,512,464.4622878,0,476.8589,0.9943
173d4b8b.qasm,16,0.4365735,0,0.5193,0.9623
173d4b8b.qasm,64,0.4759959,0,0.5124,0.984
173d4b8b.qasm,512,0.4571515,0,0.5012,0.98
175f2997.qasm,16,1.5397053,0,1.4445,0.9861
175f2997.qasm,64,6.9113574,0,7.0118,0.9969
175f2997.qasm,512,203.2557666,0,203.0501,0.9998
17e5a14b.qasm,16,85.2576573,0,133.461,0.9027
17e5a14b.qasm,64,4.9438845,0,6.0726,0.9553
195099c8.qasm,16,0.3044958,0,0.823,0.7841
195099c8.qasm,64,10.4379878,0,2.1146,0.6533
195099c8.qasm,512,0.2926443,0,0.7438,0.7975
19550378.qasm,16,0.7261901,0,0.3258,0.826
19550378.qasm,64,0.7177524,0,0.3817,0.8629
19550378.qasm,512,0.7171464,0,0.2791,0.7951
1959a985.qasm,16,4.8913162,0,4.5132,0.9825
1959a985.qasm,64,31.2692711,0,7.04,0.6762
1959a985.qasm,512,1435.4921208,0,318.01,0.6727
19d587f3.qasm,16,0.1735048,0,0.2092,0.9594
19d587f3.qasm,64,1.2004384,0,0.808,0.914
19d587f3.qasm,512,0.172592,0,0.2273,0.9402
1a554de5.qasm,16,0.1715925,0,0.2988,0.8796
1a554de5.qasm,64,0.1756577,0,0.7113,0.6963
1a554de5.qasm,512,0.1775085,0,0.494,0.7778
1aa22822.qasm,16,20.5129008,0,28.6535,0.9274
1aa22822.qasm,64,1.1141745,0,3.5283,0.7497
1af5b336.qasm,16,1.0828512,0,1.1068,0.9952
1af5b336.qasm,64,2.2817078,0,2.2963,0.9986
1af5b336.qasm,512,23.957207,0,30.7944,0.9455
1b91945f.qasm,16,0.5788403,0,0.5732,0.9979
1b91945f.qasm,64,1.1345342,0,1.1227,0.9977
1b91945f.qasm,512,2.7687015,0,2.9327,0.9875
1cb3c32c.qasm,16,8.0743547,0,8.2069,0.9965
1cb3c32c.qasm,64,0.3971776,0,0.2293,0.8807
1d1dc1d8.qasm,16,2.091032,0,2.0566,0.9964
1d1dc1d8.qasm,64,12.1915016,0,12.2751,0.9985
1d1dc1d8.qasm,512,477.1889418,0,483.0228,0.9974
1d4b1889.qasm,16,0.4623995,0,0.4821,0.9909
1d4b1889.qasm,64,0.339699,0,0.372,0.9803
1d4b1889.qasm,512,0.3409897,0,0.3639,0.9859
1db5f683.qasm,16,2.0087796,0,1.9396,0.9924
1db5f683.qasm,64,11.5114277,0,12.0892,0.9894
1db5f683.qasm,512,436.8524219,0,479.0429,0.98
1f1383d7.qasm,16,0.2250921,0,0.3631,0.8961
1f1383d7.qasm,64,2.1631353,0,2.4347,0.9743
1f1383d7.qasm,512,0.2264848,0,0.3131,0.9297
1fd34b96.qasm,16,2.6722234,0,2.6664,0.9995
1fd34b96.qasm,64,21.079753,0,20.9361,0.9985
1fd34b96.qasm,512,961.0837074,0,968.3682,0.9984
20448412.qasm,16,147.6527757,0,14.2604,0.4924
20448412.qasm,64,184.3939735,0,14.257,0.4441
20448412.qasm,512,148.948838,0,12.4728,0.4615
2059c310.qasm,16,0.4773265,0,0.5785,0.9583
2059c310.qasm,64,3.3123999,0,2.7814,0.9621
2078a631.qasm,16,2.4060191,0,2.2594,0.9863
2078a631.qasm,64,16.260589,0,16.3136,0.9993
2078a631.qasm,512,646.7251833,0,626.7535,0.9932
208334f1.qasm,16,0.1715742,0,0.344,0.849
208334f1.qasm,64,1.1387004,0,1.2618,0.9777
208334f1.qasm,512,0.1852446,0,0.1688,0.9798
2190b5a7.qasm,16,0.2162967,0,0.1852,0.9664
2190b5a7.qasm,64,0.1627301,0,0.1949,0.9609
2190b5a7.qasm,512,0.2115168,0,0.182,0.9674
231bbda3.qasm,16,4.4113397,0,0.6728,0.5917
231bbda3.qasm,64,1.1731902,0,0.8479,0.9295
231bbda3.qasm,512,4.424197,0,1.5398,0.7708
235dda60.qasm,16,2.3659587,0,2.3142,0.9952
235dda60.qasm,64,16.3526073,0,16.2679,0.9989
235dda60.qasm,512,307.2074907,0,655.5143,0.8354
24ca3082.qasm,16,2771.0450235,0,221.9286,0.4518
24ca3082.qasm,64,1988.8930582,0,326.1926,0.6074
24ca3082.qasm,512,2669.2542048,0,380.8425,0.5772
25e26219.qasm,16,2.1708568,0,2.2549,0.9918
25e26219.qasm,64,19.4090902,0,8.0286,0.8083
25e26219.qasm,512,705.1982491,0,75.5387,0.5149
25e5b703.qasm,16,0.1793348,0,0.2567,0.9221
25e5b703.qasm,64,0.212998,0,0.3149,0.9151
25e5b703.qasm,512,0.1774198,0,0.2459,0.9291
264ca70e.qasm,16,1.6579639,0,1.704,0.994
264ca70e.qasm,64,9.2260978,0,9.5701,0.9921
264ca70e.qasm,512,351.8730803,0,342.2984,0.994
27a012bc.qasm,16,0.5722517,0,0.5662,0.9977
27a012bc.qasm,64,0.4555887,0,0.4684,0.994
27a012bc.qasm,512,0.4530507,0,0.4381,0.9927
27dbf314.qasm,16,4101.5177503,0,3523.546,0.967
27dbf314.qasm,64,781.3788183,0,4337.9881,0.6278
27dbf314.qasm,512,14400.0,1,14400.0,1.0
27e0ec8e.qasm,16,0.1818955,0,0.1284,0.9244
27e0ec8e.qasm,64,0.5226683,0,0.4575,0.9711
27e0ec8e.qasm,512,0.1700723,0,0.1478,0.9695
2818a462.qasm,16,0.1707319,0,0.1803,0.9882
2818a462.qasm,64,0.532209,0,0.448,0.9626
2818a462.qasm,512,0.1782918,0,0.2116,0.9628
28f914b0.qasm,16,0.1755659,0,0.2462,0.9266
28f914b0.qasm,64,0.3044709,0,0.295,0.9932
28f914b0.qasm,512,0.1890404,0,0.3438,0.8701
29886bb3.qasm,16,1.1166224,0,1.0876,0.9943
29886bb3.qasm,64,2.2984934,0,2.293,0.9995
29886bb3.qasm,512,24.0384279,0,23.9213,0.9989
29a887f9.qasm,16,1.282956,0,2.1511,0.8878
29a887f9.qasm,64,0.1893478,0,4.8182,0.2972
29a887f9.qasm,512,115.4506895,0,11.7722,0.5042
2a04dd73.qasm,16,2475.0657506,0,4072.7261,0.8919
2a04dd73.qasm,64,4965.6181697,0,1874.5693,0.7885
2a04dd73.qasm,512,14400.0,1,12717.3066,0.973
2a0e53ef.qasm,16,2.3114425,0,3.2342,0.9271
2a0e53ef.qasm,64,7.7183551,0,13.2045,0.8834
2a48defb.qasm,16,1.2252849,0,1.9911,0.8946
2a48defb.qasm,64,1.1154698,0,2.1259,0.86
2a48defb.qasm,512,1.0666831,0,1.9545,0.8685
2af6859b.qasm,16,1.6940842,0,1.7473,0.9933
2af6859b.qasm,64,10.535087,0,10.5559,0.9996
2af6859b.qasm,512,406.7180611,0,406.0312,0.9996
2afe3d2e.qasm,16,14400.0,1,608.0261,0.3128
2afe3d2e.qasm,64,42993.9847111,0,919.9346,0.1652
2b148d98.qasm,16,1.743242,0,1.7348,0.9989
2b148d98.qasm,64,12.2237264,0,12.3644,0.9975
2b148d98.qasm,512,463.9274864,0,475.5258,0.9946
2b2951ed.qasm,16,2.0077434,0,1.9006,0.9881
2b2951ed.qasm,64,11.4465499,0,12.0957,0.988
2b2951ed.qasm,512,452.8971041,0,479.0429,0.9878
2bc3295c.qasm,16,1.2265953,0,1.6559,0.9348
2bc3295c.qasm,64,2.2849539,0,3.6729,0.8969
2bc3295c.qasm,512,247.4642877,0,34.749,0.5737
2cbfff1b.qasm,16,1.6880952,0,1.5244,0.9779
2cbfff1b.qasm,64,7.7273056,0,7.7172,0.9997
2cbfff1b.qasm,512,262.0564581,0,264.4996,0.998
2cedce95.qasm,16,2.0571062,0,2.0037,0.9943
2cedce95.qasm,64,12.1201029,0,12.27,0.9973
2cedce95.qasm,512,487.4500167,0,483.2518,0.9981
2d399444.qasm,16,0.241983,0,0.1767,0.9317
2d399444.qasm,64,0.174648,0,0.1712,0.9957
2ea1bf91.qasm,16,4.1367724,0,4.56,0.9788
2ea1bf91.qasm,64,0.1732643,0,0.3143,0.8707
3026aed7.qasm,16,2.6565661,0,2.6832,0.9978
3026aed7.qasm,64,20.9371593,0,21.0238,0.9991
3026aed7.qasm,512,976.3809184,0,967.8173,0.9981
306ac152.qasm,16,0.1732208,0,0.2605,0.9114
306ac152.qasm,64,4.8258445,0,1.3181,0.7182
306ac152.qasm,512,0.1962074,0,0.2691,0.9314
3099a023.qasm,16,0.1891862,0,0.2071,0.9803
3099a023.qasm,64,0.1662113,0,0.2531,0.9087
31b8fb3c.qasm,16,0.4341455,0,2.4414,0.625
31b8fb3c.qasm,64,0.7438204,0,1.1425,0.9068
31b8fb3c.qasm,512,0.4242436,0,3.3056,0.5542
31fd025e.qasm,16,1.6643892,0,1.5166,0.9798
31fd025e.qasm,64,7.7553806,0,7.7378,0.9995
31fd025e.qasm,512,267.4834676,0,265.4438,0.9983
320de9fb.qasm,16,31.2115921,0,20.8069,0.9119
320de9fb.qasm,64,323.816509,0,49.8323,0.5936
320de9fb.qasm,512,14400.0,1,4067.4889,0.7255
32de9cc1.qasm,16,1.1081809,0,1.1048,0.9993
32de9cc1.qasm,64,2.2914262,0,2.2833,0.9992
32de9cc1.qasm,512,23.9661902,0,23.8545,0.999
32f44532.qasm,16,9.8694186,0,9.0264,0.9806
32f44532.qasm,64,0.2578694,0,0.5295,0.8438
336f664c.qasm,16,0.1830161,0,0.2153,0.9647
336f664c.qasm,64,0.9599532,0,0.8993,0.9858
33a2f9be.qasm,16,1.0288815,0,1.1341,0.9789
33a2f9be.qasm,64,4.3299639,0,4.3114,0.9991
33a2f9be.qasm,512,94.1606565,0,96.9998,0.9935
33c62fb8.qasm,16,30.5882878,0,96.3059,0.751
33c62fb8.qasm,64,12.3254206,0,30.6653,0.8021
33c62fb8.qasm,512,30.0663625,0,131.797,0.6791
3436484d.qasm,16,1.3751076,0,1.3357,0.9937
3436484d.qasm,64,5.7244918,0,5.0626,0.9733
3436484d.qasm,512,133.8907962,0,130.7515,0.9948
36d0ea8f.qasm,16,0.2119992,0,0.1284,0.8911
36d0ea8f.qasm,64,0.4986337,0,0.4575,0.9813
36d0ea8f.qasm,512,0.2418175,0,0.1478,0.8931
36e23777.qasm,16,1.4011911,0,1.4137,0.9981
36e23777.qasm,64,7.9461518,0,7.9269,0.9995
36e23777.qasm,512,294.8953778,0,287.5444,0.9945
371eea68.qasm,16,0.1772997,0,0.2028,0.9708
371eea68.qasm,64,0.2752777,0,0.2499,0.979
376d7d92.qasm,16,0.1843133,0,0.203,0.979
376d7d92.qasm,64,2.6315011,0,1.576,0.8887
376d7d92.qasm,512,0.1732509,0,0.1879,0.9824
37bd268c.qasm,16,0.2436995,0,0.2332,0.9904
37bd268c.qasm,64,1.1299787,0,1.1208,0.9982
37bd268c.qasm,512,0.2388701,0,0.4225,0.8762
3814b0b9.qasm,16,133.23585,0,187.871,0.9254
3814b0b9.qasm,64,255.787238,0,408.4451,0.8984
383bbcad.qasm,16,0.1819503,0,0.2052,0.9739
383bbcad.qasm,64,0.6394028,0,0.2944,0.8316
383bbcad.qasm,512,0.1866326,0,0.2103,0.9741
3841ff5b.qasm,16,2.0053667,0,1.9892,0.9982
3841ff5b.qasm,64,15.5287295,0,15.3748,0.9978
3841ff5b.qasm,512,698.916324,0,684.2861,0.9954
385fa1b6.qasm,16,3.8934353,0,5.9209,0.909
385fa1b6.qasm,64,3.5853261,0,6.8037,0.8609
385fa1b6.qasm,512,3.816091,0,6.5344,0.8832
386534f5.qasm,16,1.7916922,0,1.7545,0.9954
386534f5.qasm,64,10.0276048,0,9.7414,0.9937
386534f5.qasm,512,387.7029272,0,371.1643,0.9905
3a8d3e53.qasm,16,0.2819158,0,1.063,0.7118
3a8d3e53.qasm,64,1.254632,0,1.0124,0.9534
3a8d3e53.qasm,512,0.2745265,0,5.6484,0.3433
3be98d6c.qasm,16,2.6949336,0,2.1339,0.9493
3be98d6c.qasm,64,18.4483104,0,9.8997,0.8648
3be98d6c.qasm,512,485.3121658,0,35.831,0.4341
3c1f4948.qasm,16,0.1785881,0,0.195,0.9809
3c1f4948.qasm,64,0.2105604,0,0.2456,0.9666
3c1f4948.qasm,512,0.1754058,0,0.2002,0.9713
3c2f55c1.qasm,16,14400.0,1,95.5561,0.0
3c2f55c1.qasm,64,10512.190655,0,409.5151,0.2953
3c890561.qasm,16,16.9293739,0,2.6165,0.5945
3c890561.qasm,64,1.2557023,0,2.2316,0.8751
3c890561.qasm,512,17.211887,0,3.7434,0.6687
3ccd19ee.qasm,16,2.046703,0,2.0027,0.9953
3ccd19ee.qasm,64,12.1645564,0,12.0161,0.9973
3ccd19ee.qasm,512,483.0481342,0,480.3183,0.9988
3db115f1.qasm,16,0.2136195,0,0.185,0.9687
3db115f1.qasm,64,0.2706139,0,0.2546,0.9867
3db115f1.qasm,512,0.1747836,0,0.1876,0.9846
3e2fde05.qasm,16,1.4735673,0,1.4951,0.9969
3e2fde05.qasm,64,8.4409096,0,8.3107,0.9966
3e2fde05.qasm,512,314.5541482,0,309.9843,0.9968
3e730381.qasm,16,0.1677842,0,0.198,0.964
3e730381.qasm,64,1.4118832,0,0.952,0.9144
3eb6cff0.qasm,16,13.5421581,0,13.6272,0.9986
3eb6cff0.qasm,64,12.5682489,0,3.1805,0.7016
3eb6cff0.qasm,512,13.9655471,0,75.1245,0.6346
3eca4614.qasm,16,1.7950401,0,1.822,0.9968
3eca4614.qasm,64,9.9800103,0,10.1976,0.9953
3eca4614.qasm,512,372.2380488,0,371.8209,0.9998
3ee85ccf.qasm,16,1.0895266,0,1.1185,0.9943
3ee85ccf.qasm,64,2.564209,0,2.5663,0.9998
3ee85ccf.qasm,512,34.4522992,0,34.5068,0.9997
3f072f57.qasm,16,1.2063047,0,1.0921,0.9784
3f072f57.qasm,64,4.3106777,0,4.3648,0.9973
3f072f57.qasm,512,94.2666482,0,96.0505,0.9959
3f858470.qasm,16,0.4377763,0,1.1385,0.7925
3f858470.qasm,64,0.7186984,0,0.7663,0.9861
3f858470.qasm,512,0.4335088,0,7.9981,0.367
40b719e2.qasm,16,240.8145595,0,172.6145,0.9277
40b719e2.qasm,64,419.873692,0,181.2448,0.8176
40b719e2.qasm,512,14400.0,1,11363.4509,0.9486
40e78b26.qasm,16,0.1820556,0,0.2115,0.9674
40e78b26.qasm,64,0.1782775,0,0.2079,0.9666
41bd27aa.qasm,16,1.101841,0,2.0565,0.8645
41bd27aa.qasm,64,4.6966688,0,7.2959,0.9044
41bd27aa.qasm,512,153.1724847,0,136.4733,0.9749
42a256ea.qasm,16,1.735077,0,1.7245,0.9987
42a256ea.qasm,64,10.0999787,0,9.7499,0.9923
42a256ea.qasm,512,403.5172516,0,401.4093,0.9989
42a71e24.qasm,16,16.5057448,0,13.038,0.9488
42a71e24.qasm,64,30.1654734,0,74.983,0.8023
42a71e24.qasm,512,1844.9185097,0,2250.2279,0.9569
42fa6cae.qasm,16,1.9149404,0,1.9826,0.9925
42fa6cae.qasm,64,14.1099058,0,14.9383,0.9876
42fa6cae.qasm,512,563.9146286,0,554.5295,0.9964
43168c33.qasm,16,0.1795698,0,0.1856,0.9929
43168c33.qasm,64,0.1776479,0,0.1838,0.9926
43168c33.qasm,512,0.1781855,0,0.1811,0.9964
4318a3ef.qasm,16,1.5160106,0,1.5718,0.9922
4318a3ef.qasm,64,7.7249488,0,7.7316,0.9998
4318a3ef.qasm,512,261.0483979,0,266.1951,0.9958
4327c91d.qasm,16,1.7815141,0,1.7688,0.9984
4327c91d.qasm,64,12.2421605,0,11.8388,0.9927
4327c91d.qasm,512,470.9695791,0,470.9653,1.0
432efc30.qasm,16,0.1794426,0,0.2205,0.9552
432efc30.qasm,64,0.1695758,0,0.2174,0.946
432efc30.qasm,512,0.1747062,0,0.214,0.9559
445caba2.qasm,16,0.1865421,0,0.1905,0.9955
445caba2.qasm,64,0.1677918,0,0.2037,0.9579
445caba2.qasm,512,0.1767249,0,0.1894,0.985
448ebca1.qasm,16,0.1762951,0,0.2042,0.9681
448ebca1.qasm,64,0.2993708,0,0.2339,0.9464
448ebca1.qasm,512,0.1849246,0,0.1815,0.996
46073cb3.qasm,16,81.2164082,0,399.3253,0.6542
46073cb3.qasm,64,28.2872761,0,321.5028,0.4722
46073cb3.qasm,512,82.4070419,0,1008.5918,0.4561
46188cf9.qasm,16,2.0354675,0,2.0417,0.9993
46188cf9.qasm,64,12.1403033,0,12.3398,0.9965
46188cf9.qasm,512,496.7963674,0,474.4074,0.99
46de7f9b.qasm,16,7.0660452,0,5.8198,0.9579
46de7f9b.qasm,64,0.1745833,0,0.2236,0.9463
4737100f.qasm,16,118.890095,0,120.7803,0.9966
4737100f.qasm,64,214.6463822,0,299.4975,0.9277
4737100f.qasm,512,14400.0,1,7481.8649,0.8578
474aa01a.qasm,16,1.7337241,0,1.7817,0.9941
474aa01a.qasm,64,13.1545959,0,12.7972,0.994
474aa01a.qasm,512,584.1059149,0,560.562,0.9911
4846208f.qasm,16,4.935264,0,0.3047,0.3953
4846208f.qasm,64,0.239259,0,0.3751,0.9023
4a262567.qasm,16,1.8019782,0,1.7931,0.9989
4a262567.qasm,64,9.9888149,0,9.7769,0.9953
4a262567.qasm,512,371.8635582,0,372.1713,0.9998
4a5eba47.qasm,16,0.1833999,0,0.1825,0.9989
4a5eba47.qasm,64,5.2547247,0,1.4413,0.7191
4a5eba47.qasm,512,0.1847617,0,0.183,0.9979
4ae57e38.qasm,16,16.3446989,0,6.202,0.7896
4ae57e38.qasm,64,2.3998315,0,4.7163,0.8533
4ae57e38.qasm,512,37.5611683,0,24.0668,0.9033
4cbdcf4f.qasm,16,1.1965732,0,1.1982,0.9997
4cbdcf4f.qasm,64,4.1559375,0,4.0499,0.9944
4cbdcf4f.qasm,512,94.9366102,0,93.1444,0.9959
4d59437e.qasm,16,14400.0,1,290.1402,0.1521
4d59437e.qasm,64,14400.0,1,222.2566,0.0942
4d78cdd5.qasm,16,0.1960339,0,0.1832,0.9853
4d78cdd5.qasm,64,0.1777101,0,0.1811,0.9959
4dc2ff13.qasm,16,0.179415,0,0.1598,0.9749
4dc2ff13.qasm,64,0.6179387,0,0.256,0.8087
4dc2ff13.qasm,512,0.1800237,0,0.1602,0.9746
4e8df7a8.qasm,16,14400.0,1,2356.6245,0.607
4e8df7a8.qasm,64,14400.0,1,1468.4021,0.5042
4f476879.qasm,16,1.1168596,0,1.1619,0.9914
4f476879.qasm,64,5.0874357,0,5.0846,0.9999
4f476879.qasm,512,148.2644193,0,124.7427,0.9625
4f48ab57.qasm,16,0.5463127,0,0.3525,0.9049
4f48ab57.qasm,64,0.4028144,0,0.302,0.9374
4f48ab57.qasm,512,0.9204006,0,0.4839,0.8604
4f9a3ab1.qasm,16,0.1827227,0,0.1921,0.9891
4f9a3ab1.qasm,64,0.2759283,0,0.2664,0.9924
4f9a3ab1.qasm,512,0.1781603,0,0.2012,0.9736
4fd60583.qasm,16,69.0350985,0,130.4969,0.8617
4fd60583.qasm,64,3.5823552,0,6.4881,0.871
4ffb1090.qasm,16,1.9565707,0,4.2578,0.8312
4ffb1090.qasm,64,2.7308021,0,2.859,0.99
4ffb1090.qasm,512,1.9538451,0,4.4121,0.8231
5050d142.qasm,16,0.212143,0,0.405,0.8596
5050d142.qasm,64,1.9698753,0,1.1745,0.8877
51b16166.qasm,16,1.2138746,0,1.1517,0.9886
51b16166.qasm,64,4.156859,0,4.1598,0.9998
51b16166.qasm,512,91.9542545,0,94.55,0.994
51b543de.qasm,16,2.9811427,0,2.9745,0.9995
51b543de.qasm,64,23.5059746,0,28.4808,0.9583
51b543de.qasm,512,1080.9138733,0,1103.8416,0.9954
52b00428.qasm,16,2.009074,0,2.0359,0.9971
52b00428.qasm,64,7.7288454,0,15.6669,0.8466
52b00428.qasm,512,691.5553227,0,653.9143,0.9878
53442dc5.qasm,16,0.1755131,0,0.177,0.9981
53442dc5.qasm,64,0.2352298,0,0.2091,0.9745
53442dc5.qasm,512,0.185927,0,0.1913,0.9938
5357322a.qasm,16,1.9833841,0,2.0724,0.9905
5357322a.qasm,64,0.1795194,0,0.1904,0.9872
5385a9e9.qasm,16,1.7063132,0,1.706,1.0
5385a9e9.qasm,64,10.5206042,0,10.719,0.9959
5385a9e9.qasm,512,406.1103867,0,403.3211,0.9985
53e971c2.qasm,16,0.1748129,0,0.1825,0.9906
53e971c2.qasm,64,0.1728286,0,0.2375,0.931
53e971c2.qasm,512,0.1791764,0,0.1793,0.9998
54c8f710.qasm,16,0.5430322,0,0.4597,0.9638
54c8f710.qasm,64,0.5765128,0,0.516,0.9759
54c8f710.qasm,512,0.5371048,0,0.4385,0.956
54f0b8c5.qasm,16,0.1801168,0,0.7801,0.6817
54f0b8c5.qasm,64,0.2660724,0,1.1292,0.6861
54f0b8c5.qasm,512,0.1865154,0,1.7084,0.5191
551cc6ea.qasm,16,4.0511647,0,8.0386,0.8512
551cc6ea.qasm,64,0.6177918,0,12.0636,0.3547
551cc6ea.qasm,512,903.4430423,0,31.5499,0.2715
568c1ef9.qasm,16,0.1891656,0,0.166,0.9716
568c1ef9.qasm,64,0.243431,0,0.2678,0.9793
568c1ef9.qasm,512,0.1862508,0,0.1943,0.9908
574915eb.qasm,16,1.6900419,0,2.0661,0.9564
574915eb.qasm,64,6.4952442,0,8.1403,0.951
574915eb.qasm,512,257.8208735,0,180.9075,0.9231
577f5adb.qasm,16,1.1850882,0,0.797,0.9138
577f5adb.qasm,64,5.6904274,0,4.5522,0.9515
587be285.qasm,16,1.3891152,0,1.4912,0.9846
587be285.qasm,64,7.9187036,0,7.955,0.999
587be285.qasm,512,284.7954988,0,290.7152,0.9955
588e0101.qasm,16,0.2206692,0,0.6171,0.7767
588e0101.qasm,64,0.4880254,0,1.6573,0.7345
588e0101.qasm,512,9.7979156,0,6.1928,0.9004
591d39f6.qasm,16,2.6787045,0,2.5431,0.9887
591d39f6.qasm,64,20.9925477,0,20.8069,0.9981
591d39f6.qasm,512,981.4918503,0,931.4335,0.9886
59267ce4.qasm,16,0.2185542,0,0.1687,0.9438
59267ce4.qasm,64,0.2873506,0,0.2898,0.9982
59267ce4.qasm,512,0.2381152,0,0.1741,0.932
5a4964e2.qasm,16,3.0040687,0,3.009,0.9996
5a4964e2.qasm,64,23.5713994,0,24.1998,0.9943
5a4964e2.qasm,512,1113.7247561,0,1066.8848,0.9907
5a741dbe.qasm,16,1607.2905076,0,0.5872,0.0
5a741dbe.qasm,64,63.6101813,0,0.9757,0.0929
5a9f20b0.qasm,16,1.9873639,0,1.8919,0.9893
5a9f20b0.qasm,64,14.1749237,0,14.0513,0.9981
5a9f20b0.qasm,512,556.7358082,0,555.8867,0.9997
5b419375.qasm,16,5.069991,0,4.3974,0.9691
5b419375.qasm,64,18.1997557,0,18.6426,0.9948
5b419375.qasm,512,735.2598271,0,324.9698,0.8227
5b482142.qasm,16,0.18249,0,0.1833,0.999
5b482142.qasm,64,0.176904,0,0.2209,0.9517
5b58ce32.qasm,16,0.2353343,0,0.1939,0.9579
5b58ce32.qasm,64,0.1714296,0,0.2359,0.9307
5c176f37.qasm,16,2.1709223,0,1.443,0.9113
5c176f37.qasm,64,0.177055,0,3.0528,0.3817
5c176f37.qasm,512,218.884704,0,24.0952,0.5209
5c2359c8.qasm,16,18.8537477,0,4.0305,0.665
5c2359c8.qasm,64,0.8920383,0,5.3149,0.6124
5c2359c8.qasm,512,26.2141386,0,14.9813,0.8785
5cfcb9cd.qasm,16,45.6465889,0,38.9022,0.9653
5cfcb9cd.qasm,64,42.3598636,0,49.349,0.9668
5cfcb9cd.qasm,512,45.7418277,0,41.4891,0.9788
5d14d092.qasm,16,1.8427508,0,1.8799,0.9957
5d14d092.qasm,64,10.7073549,0,11.1226,0.9917
5d14d092.qasm,512,449.6638396,0,439.7647,0.9952
5d2b11a2.qasm,16,1.7544678,0,1.7525,0.9998
5d2b11a2.qasm,64,6.9100846,0,13.1364,0.8605
5d2b11a2.qasm,512,578.8071934,0,578.9118,1.0
5d565485.qasm,16,1.7579763,0,1.7507,0.9991
5d565485.qasm,64,13.1805837,0,13.1477,0.9995
5d565485.qasm,512,577.6552694,0,567.663,0.9962
5da1db4b.qasm,16,1.6695542,0,1.6566,0.9983
5da1db4b.qasm,64,9.5052925,0,9.4744,0.9993
5da1db4b.qasm,512,340.8045976,0,345.2335,0.9972
5e3dc35d.qasm,16,0.1754587,0,0.1889,0.984
5e3dc35d.qasm,64,0.1674483,0,0.1648,0.9966
5e3dc35d.qasm,512,0.1802698,0,0.1676,0.9841
5e4c8439.qasm,16,1.1020779,0,1.105,0.9994
5e4c8439.qasm,64,2.5658197,0,2.5597,0.9995
5e4c8439.qasm,512,34.3699009,0,36.6072,0.9863
5e6b0a76.qasm,16,0.9429384,0,0.256,0.7169
5e6b0a76.qasm,64,0.8332049,0,0.2995,0.7778
5eaee29f.qasm,16,0.9021112,0,0.2797,0.7458
5eaee29f.qasm,64,0.1723742,0,0.4508,0.7913
5eaee29f.qasm,512,0.8121324,0,0.5036,0.8962
5ed4dd47.qasm,16,0.1778839,0,0.1847,0.9919
5ed4dd47.qasm,64,0.1692181,0,0.1897,0.9752
5ed4dd47.qasm,512,0.1719626,0,0.1812,0.9886
5ee9c404.qasm,16,0.6110617,0,0.1793,0.7337
5ee9c404.qasm,64,0.3699508,0,0.1596,0.8175
5ee9c404.qasm,512,0.602949,0,0.1684,0.723
5ef5ff7c.qasm,16,1.9424587,0,1.9428,1.0
5ef5ff7c.qasm,64,14.129977,0,14.1541,0.9996
5ef5ff7c.qasm,512,549.4164625,0,560.5217,0.9957
5f0ad979.qasm,16,1.4398049,0,1.4774,0.9944
5f0ad979.qasm,64,8.5335451,0,8.5584,0.9994
5f0ad979.qasm,512,314.9300109,0,310.3403,0.9968
5f39af5c.qasm,16,1.206501,0,2.2388,0.8658
5f39af5c.qasm,64,1.2441665,0,2.1742,0.8788
5f39af5c.qasm,512,1.2038937,0,2.1628,0.8728
5f6a8a9b.qasm,16,0.2168783,0,0.1785,0.9577
5f6a8a9b.qasm,64,0.1669181,0,0.2178,0.9422
5f6a8a9b.qasm,512,0.2251206,0,0.1744,0.9445
5f79d6db.qasm,16,1.4444159,0,1.4833,0.9942
5f79d6db.qasm,64,8.4894781,0,8.3859,0.9973
5f79d6db.qasm,512,309.1335508,0,308.7145,0.9997
613afa2d.qasm,16,1.1619439,0,1.1416,0.9962
613afa2d.qasm,64,4.2897754,0,4.3204,0.9985
613afa2d.qasm,512,94.3743718,0,96.358,0.9955
622c4417.qasm,16,1.8900389,0,1.9202,0.9966
622c4417.qasm,64,14.0848954,0,14.2412,0.9976
622c4417.qasm,512,556.6662471,0,557.0608,0.9998
635bd24f.qasm,16,9.4363397,0,8.4467,0.9759
635bd24f.qasm,64,0.2822097,0,0.5754,0.8453
637811d8.qasm,16,1.9822721,0,1.9267,0.9938
637811d8.qasm,64,11.4336977,0,12.0382,0.9888
637811d8.qasm,512,435.3994822,0,482.221,0.9778
63aaa50d.qasm,16,0.1790994,0,0.3432,0.8588
63aaa50d.qasm,64,0.3013606,0,0.4054,0.9356
63aaa50d.qasm,512,0.1729242,0,0.4431,0.7957
64273f69.qasm,16,1.3970083,0,1.4075,0.9984
64273f69.qasm,64,7.9696109,0,7.9348,0.9991
64273f69.qasm,512,282.5264321,0,287.2449,0.9964
6457f235.qasm,16,0.2233452,0,0.6149,0.7801
6457f235.qasm,64,1.0101255,0,1.0796,0.9856
6457f235.qasm,512,20.677099,0,2.8555,0.5701
64731b8d.qasm,16,2.0507906,0,2.0525,0.9998
64731b8d.qasm,64,12.5908717,0,12.4201,0.997
64731b8d.qasm,512,496.2063252,0,490.5692,0.9975
64f32748.qasm,16,1.9956137,0,1.9342,0.9932
64f32748.qasm,64,11.5093932,0,12.0416,0.9902
64f32748.qasm,512,437.9071594,0,480.3653,0.9799
6533abd6.qasm,16,9723.4914956,0,809.1024,0.4601
6533abd6.qasm,64,232.8099082,0,666.1188,0.7717
6533abd6.qasm,512,14400.0,1,1636.6583,0.5278
65dcd512.qasm,16,0.5612492,0,0.3433,0.8932
65dcd512.qasm,64,0.5177774,0,0.4668,0.9775
65dcd512.qasm,512,0.5506512,0,0.6266,0.9719
661be484.qasm,16,879.1681903,0,728.2702,0.9591
661be484.qasm,64,505.0702981,0,587.3265,0.9672
661be484.qasm,512,14400.0,1,13775.1944,0.9904
66343f14.qasm,16,0.1837175,0,0.1814,0.9972
66343f14.qasm,64,0.1771466,0,0.2142,0.9587
6694b099.qasm,16,13.8383709,0,5.5178,0.8003
6694b099.qasm,64,13.8043085,0,6.046,0.8207
6694b099.qasm,512,13.7813582,0,4.8609,0.7737
67346cae.qasm,16,0.179131,0,0.2003,0.9758
67346cae.qasm,64,0.1538984,0,0.2244,0.9181
6740a375.qasm,16,0.1709286,0,0.3144,0.8677
6740a375.qasm,64,10.01462,0,2.1381,0.6647
6785591a.qasm,16,0.2151467,0,0.1897,0.9727
6785591a.qasm,64,1.0548189,0,0.4747,0.8266
6785591a.qasm,512,0.22718,0,0.1976,0.9697
67b5fe45.qasm,16,397.968539,0,560.0707,0.9258
67b5fe45.qasm,64,113.4824914,0,382.8238,0.736
67b5fe45.qasm,512,1642.608019,0,1275.1446,0.945
67f3547d.qasm,16,1.4342771,0,1.6261,0.9727
67f3547d.qasm,64,1.2461029,0,2.2369,0.873
67f3547d.qasm,512,1.4320807,0,1.5967,0.9764
68528bdf.qasm,16,0.1804468,0,0.1929,0.9855
68528bdf.qasm,64,0.166059,0,0.2234,0.9356
68528bdf.qasm,512,0.1813397,0,0.2455,0.9342
699bd83c.qasm,16,724.0946028,0,562.0033,0.945
699bd83c.qasm,64,1079.0000191,0,468.3644,0.8188
699bd83c.qasm,512,14400.0,1,14400.0,1.0
69c7223c.qasm,16,0.9718195,0,1.6604,0.8837
69c7223c.qasm,64,5.8605898,0,7.0447,0.96
69c7223c.qasm,512,278.4394871,0,237.1833,0.9652
69c8191e.qasm,16,0.1765269,0,0.1719,0.9942
69c8191e.qasm,64,1.0784193,0,1.0764,0.9996
69c8191e.qasm,512,0.1721093,0,0.1662,0.9925
69cf1b12.qasm,16,1.8664405,0,1.8789,0.9986
69cf1b12.qasm,64,10.7114294,0,11.1448,0.9914
69cf1b12.qasm,512,436.1584756,0,441.1857,0.9975
69e799fa.qasm,16,1.7161594,0,1.8088,0.9886
69e799fa.qasm,64,10.0683018,0,10.4313,0.9923
69e799fa.qasm,512,403.8135677,0,403.9257,0.9999
6a5034af.qasm,16,6.6179706,0,32.2575,0.656
6a5034af.qasm,64,4.0574428,0,20.5926,0.6473
6a5034af.qasm,512,6.5558647,0,267.5967,0.1946
6bc3891b.qasm,16,0.1771191,0,0.2923,0.8912
6bc3891b.qasm,64,0.3123666,0,0.4099,0.941
6bc3891b.qasm,512,0.1717566,0,0.307,0.8739
6c69bcc7.qasm,16,1.8685516,0,1.8679,0.9999
6c69bcc7.qasm,64,11.3404086,0,11.071,0.9948
6c69bcc7.qasm,512,472.551985,0,467.0369,0.9975
6c848dc7.qasm,16,0.1774831,0,0.2504,0.9253
6c848dc7.qasm,64,0.3084388,0,0.2713,0.9722
6c848dc7.qasm,512,0.1831113,0,0.2467,0.9352
6d2833ea.qasm,16,1.8673472,0,1.8305,0.9957
6d2833ea.qasm,64,10.6146131,0,10.7016,0.9982
6d2833ea.qasm,512,436.2113173,0,449.7525,0.9934
6da6ce61.qasm,16,2.6050772,0,2.6753,0.9942
6da6ce61.qasm,64,18.4177221,0,18.4524,0.9996
6da6ce61.qasm,512,709.6141829,0,697.7409,0.9963
6de17b5a.qasm,16,10.0667903,0,4.2165,0.811
6de17b5a.qasm,64,53.1336453,0,21.2029,0.8005
6de17b5a.qasm,512,1966.0381448,0,53.729,0.2183
6ee18f92.qasm,16,0.172242,0,0.219,0.9479
6ee18f92.qasm,64,1.1563193,0,0.5457,0.837
6f16ddc6.qasm,16,0.1806642,0,0.1796,0.9987
6f16ddc6.qasm,64,0.1723963,0,0.1774,0.9938
6f6328cc.qasm,16,6.304043,0,5.2824,0.9616
6f6328cc.qasm,64,0.2283101,0,0.2584,0.9731
6fef948c.qasm,16,10.7144022,0,5.9972,0.874
6fef948c.qasm,64,0.5896737,0,3.1603,0.6354
6fef948c.qasm,512,7.8826795,0,6.7401,0.966
700c376b.qasm,16,2.0538495,0,2.0393,0.9985
700c376b.qasm,64,12.2026391,0,12.1691,0.9994
700c376b.qasm,512,480.9286841,0,491.6338,0.9952
7063be19.qasm,16,1.984057,0,2.0383,0.9941
7063be19.qasm,64,15.3819641,0,14.9399,0.9937
7063be19.qasm,512,699.658068,0,704.42,0.9985
70d5d461.qasm,16,7.1855928,0,4.2892,0.888
70d5d461.qasm,64,0.1600138,0,3.1039,0.3561
70d5d461.qasm,512,8.8462365,0,41.0495,0.6667
711cdd0b.qasm,16,1.5356056,0,1.5582,0.9968
711cdd0b.qasm,64,6.9356012,0,6.5904,0.9889
711cdd0b.qasm,512,204.2237956,0,200.1081,0.9956
72b5f996.qasm,16,0.1764023,0,0.2358,0.937
72b5f996.qasm,64,0.6280924,0,0.8499,0.9343
72b5f996.qasm,512,0.1757353,0,0.4027,0.8199
72cc2f13.qasm,16,15.4456162,0,10.3152,0.9123
72cc2f13.qasm,64,25.1915366,0,1.0138,0.3024
72d8892d.qasm,16,0.955442,0,1.2451,0.9425
72d8892d.qasm,64,5.2796491,0,6.0579,0.9701
72d8892d.qasm,512,142.8177147,0,52.843,0.7841
73191d24.qasm,16,0.1741543,0,0.1802,0.9925
73191d24.qasm,64,0.1658449,0,0.1794,0.983
73191d24.qasm,512,0.1710847,0,0.1761,0.9937
7337baba.qasm,16,0.1747082,0,0.1777,0.9964
7337baba.qasm,64,0.1769813,0,0.1756,0.9983
733f4518.qasm,16,280.2611962,0,193.3219,0.9194
733f4518.qasm,64,27.3468879,0,64.2206,0.8146
733f4518.qasm,512,11435.1808265,0,8229.3987,0.9286
73f498a0.qasm,16,0.586508,0,0.7231,0.9545
73f498a0.qasm,64,0.9841235,0,1.5266,0.9047
73f498a0.qasm,512,1.3402632,0,3.8462,0.7711
742bfb51.qasm,16,14400.0,1,2254.2794,0.5973
742bfb51.qasm,64,14400.0,1,817.9105,0.3772
749ea355.qasm,16,0.2291533,0,0.4447,0.8561
749ea355.qasm,64,2.3689134,0,1.9733,0.9603
749ea355.qasm,512,0.2225618,0,1.8004,0.546
7513561e.qasm,16,1.7643061,0,1.813,0.9941
7513561e.qasm,64,13.2126654,0,12.891,0.9946
7513561e.qasm,512,574.2641708,0,558.7179,0.994
75137edd.qasm,16,4.2534029,0,0.7971,0.6364
75137edd.qasm,64,0.1687236,0,0.9928,0.6151
75137edd.qasm,512,6.0661241,0,4.2394,0.9222
751d7ced.qasm,16,2.1812843,0,2.1342,0.9953
751d7ced.qasm,64,12.5708069,0,12.4025,0.9971
751d7ced.qasm,512,525.1337435,0,522.9907,0.9991
752a65aa.qasm,16,1.7403424,0,1.7326,0.999
752a65aa.qasm,64,10.0693342,0,10.2094,0.997
752a65aa.qasm,512,411.4862543,0,405.5018,0.9968
7548d858.qasm,16,0.5394256,0,0.6152,0.9715
7548d858.qasm,64,1.3349159,0,1.0997,0.9579
7548d858.qasm,512,3.4632726,0,3.4833,0.9987
758554e0.qasm,16,755.0281161,0,559.1878,0.9348
758554e0.qasm,64,590.6946548,0,604.6411,0.9949
758554e0.qasm,512,592.4959399,0,768.0257,0.9437
75bd5cbf.qasm,16,42.2158767,0,8.546,0.6531
75bd5cbf.qasm,64,15.9747854,0,11.0069,0.9191
75bd5cbf.qasm,512,41.6227365,0,25.5502,0.894
76034335.qasm,16,0.1699775,0,0.4317,0.7976
76034335.qasm,64,0.7581466,0,0.6517,0.9672
76034335.qasm,512,0.246009,0,0.6398,0.7924
76d0b692.qasm,16,22.912727,0,24.9962,0.9811
76d0b692.qasm,64,4.2618177,0,1.96,0.8313
77a3a480.qasm,16,1.6496207,0,1.6077,0.9944
77a3a480.qasm,64,8.9344669,0,8.7189,0.9947
77a3a480.qasm,512,343.5808607,0,341.5453,0.9987
78adf5c7.qasm,16,4.0229352,0,3.2215,0.9518
78adf5c7.qasm,64,10.8530249,0,13.9782,0.945
78adf5c7.qasm,512,527.2902872,0,311.7662,0.8859
78f96e37.qasm,16,1.3827565,0,1.3981,0.9976
78f96e37.qasm,64,5.7355777,0,5.7411,0.9998
78f96e37.qasm,512,134.275023,0,134.7093,0.9993
79b12d71.qasm,16,1.6729174,0,1.6687,0.9995
79b12d71.qasm,64,9.5001241,0,9.597,0.9978
79b12d71.qasm,512,344.1290951,0,340.7748,0.9979
7a0c7e70.qasm,16,408.4881826,0,710.706,0.8797
7a0c7e70.qasm,64,280.2108367,0,367.2741,0.9412
7a1c98cc.qasm,16,3.4877635,0,0.8061,0.6819
7a1c98cc.qasm,64,0.6781891,0,1.1492,0.8855
7a79f013.qasm,16,438.9453947,0,158.9248,0.7794
7a79f013.qasm,64,923.3542459,0,209.2366,0.6776
7a79f013.qasm,512,14400.0,1,2139.9037,0.586
7aad2132.qasm,16,2.6700853,0,2.7855,0.9908
7aad2132.qasm,64,20.9415396,0,21.4772,0.9945
7aad2132.qasm,512,959.7448176,0,1014.1397,0.988
7afdbe61.qasm,16,2.2713569,0,1.5679,0.9195
7afdbe61.qasm,64,0.1793947,0,0.2199,0.9558
7b19558f.qasm,16,3.3083295,0,7.8859,0.8114
7b19558f.qasm,64,2.444386,0,1.926,0.9482
7b19558f.qasm,512,3.3641784,0,7.4105,0.8285
7bab61ca.qasm,16,75.002994,0,5.7041,0.4406
7bab61ca.qasm,64,43.559577,0,40.0609,0.9818
7bab61ca.qasm,512,74.8502658,0,6.7087,0.4762
7be7d477.qasm,16,2.4134915,0,2.4181,0.9996
7be7d477.qasm,64,18.0774289,0,17.8715,0.9975
7be7d477.qasm,512,843.0826304,0,768.0287,0.9798
7bf0f1bc.qasm,16,2.098813,0,2.1241,0.9974
7bf0f1bc.qasm,64,12.1825657,0,12.2343,0.9991
7bf0f1bc.qasm,512,495.0731023,0,495.4343,0.9998
7c9f6bae.qasm,16,2.2005587,0,2.2472,0.9954
7c9f6bae.qasm,64,12.6793433,0,12.39,0.995
7c9f6bae.qasm,512,524.4238941,0,539.0642,0.994
7d6d9a38.qasm,16,2.989781,0,3.0077,0.9987
7d6d9a38.qasm,64,23.5634482,0,23.1721,0.9964
7d6d9a38.qasm,512,1083.7143293,0,1129.1118,0.9911
7db40afb.qasm,16,0.1739276,0,0.1718,0.9973
7db40afb.qasm,64,0.1741671,0,0.1822,0.9903
7fdad0c4.qasm,16,2.0015231,0,2.0565,0.9941
7fdad0c4.qasm,64,15.5420536,0,14.8227,0.9897
7fdad0c4.qasm,512,695.6832452,0,687.597,0.9975
81af3d74.qasm,16,0.2434644,0,0.1804,0.9349
81af3d74.qasm,64,0.1806651,0,0.1959,0.9824
81af3d74.qasm,512,0.2341701,0,0.1792,0.9419
81f388c7.qasm,16,0.1792456,0,0.1925,0.9845
81f388c7.qasm,64,0.1680934,0,0.2166,0.945
81f388c7.qasm,512,0.1850392,0,0.295,0.8987
81fdeb0a.qasm,16,0.1736968,0,0.1783,0.9943
81fdeb0a.qasm,64,0.1638945,0,0.1851,0.9736
827a3442.qasm,16,0.1801154,0,0.2436,0.9344
827a3442.qasm,64,0.1755154,0,0.2339,0.9377
827a3442.qasm,512,0.1886462,0,0.2232,0.9635
82b89c68.qasm,16,3.2725359,0,3.4292,0.9898
82b89c68.qasm,64,0.1596555,0,0.218,0.9324
831c33e1.qasm,16,2.3401965,0,2.4564,0.9895
831c33e1.qasm,64,18.0734098,0,18.2721,0.9976
831c33e1.qasm,512,839.1603764,0,698.0143,0.96
8335b01d.qasm,16,0.1701279,0,0.1696,0.9993
8335b01d.qasm,64,0.9557037,0,0.4199,0.8214
834596bc.qasm,16,204.2758515,0,49.8396,0.6937
834596bc.qasm,64,835.9329551,0,417.1065,0.849
834596bc.qasm,512,14400.0,1,5761.5803,0.8011
83b22dc5.qasm,16,1.2476565,0,1.0895,0.9706
83b22dc5.qasm,64,3.404436,0,3.4412,0.9977
83b22dc5.qasm,512,72.2979649,0,74.4753,0.9936
8400dcc1.qasm,16,0.1777404,0,0.2474,0.9282
8400dcc1.qasm,64,9.1855849,0,4.4485,0.8426
8400dcc1.qasm,512,0.1613232,0,0.2668,0.8908
8422040e.qasm,16,0.1669148,0,0.1709,0.9949
8422040e.qasm,64,2.531916,0,2.3269,0.9817
84fe3fba.qasm,16,6.9756592,0,5.3715,0.9433
84fe3fba.qasm,64,0.3869507,0,1.1238,0.7685
85317608.qasm,16,0.1957883,0,0.199,0.9965
85317608.qasm,64,1.2040827,0,0.7382,0.8937
85317608.qasm,512,0.1699598,0,0.2061,0.9581
85863407.qasm,16,1.6870991,0,1.6875,1.0
85863407.qasm,64,10.459693,0,10.8606,0.9918
85863407.qasm,512,408.0020964,0,400.8903,0.9962
860cc392.qasm,16,1.7032305,0,1.7202,0.9978
860cc392.qasm,64,10.5151552,0,10.5323,0.9996
860cc392.qasm,512,406.0959769,0,406.2012,0.9999
86464ad3.qasm,16,0.1827395,0,0.1976,0.983
86464ad3.qasm,64,0.1754975,0,0.2009,0.9707
86464ad3.qasm,512,0.1625077,0,0.199,0.956
871618c1.qasm,16,1.3089816,0,1.3004,0.9986
871618c1.qasm,64,6.5168705,0,6.5113,0.9998
871618c1.qasm,512,209.7188408,0,165.0238,0.948
8732dc00.qasm,16,0.1784655,0,0.2922,0.893
8732dc00.qasm,64,2.5046016,0,1.9101,0.9412
8732dc00.qasm,512,0.168138,0,0.3074,0.869
884b47f6.qasm,16,7.9557657,0,6.2483,0.9475
884b47f6.qasm,64,0.160642,0,10.7933,0.0864
884b47f6.qasm,512,9.7400854,0,133.8013,0.4311
885efe5b.qasm,16,1.0773573,0,1.181,0.98
885efe5b.qasm,64,3.4264061,0,3.4393,0.9992
885efe5b.qasm,512,71.9190057,0,74.3468,0.9928
8930abda.qasm,16,0.1753091,0,0.2674,0.9083
8930abda.qasm,64,4.584768,0,1.3175,0.7292
8930abda.qasm,512,0.1747054,0,0.2646,0.9099
896404d8.qasm,16,5.5521088,0,6.1419,0.9781
896404d8.qasm,64,0.4324345,0,1.1962,0.7791
8a146ce3.qasm,16,117.9649009,0,106.6264,0.9781
8a146ce3.qasm,64,201.1105238,0,177.3282,0.9727
8a1c1c3f.qasm,16,0.1880215,0,0.1604,0.9655
8a1c1c3f.qasm,64,0.2685849,0,0.2624,0.995
8a1c1c3f.qasm,512,0.1869095,0,0.1704,0.9799
8a2ab626.qasm,16,1.7081607,0,1.7676,0.9926
8a2ab626.qasm,64,12.2454582,0,11.8193,0.9923
8a2ab626.qasm,512,465.3944948,0,477.1064,0.9946
8b77bf87.qasm,16,0.30873,0,0.4933,0.8982
8b77bf87.qasm,64,10.1406784,0,3.611,0.7758
8b77bf87.qasm,512,0.2988881,0,0.499,0.8887
8bd576fc.qasm,16,5.3233933,0,4.4207,0.9597
8bd576fc.qasm,64,13.2989912,0,3.1991,0.6906
8bd576fc.qasm,512,1464.9315561,0,41.0495,0.2237
8c01a935.qasm,16,2.698982,0,3.4234,0.9484
8c01a935.qasm,64,14.7330675,0,12.2697,0.9603
8c01a935.qasm,512,483.8970041,0,486.6366,0.9988
8d5010bc.qasm,16,0.2166263,0,0.192,0.9738
8d5010bc.qasm,64,0.1708347,0,0.1855,0.9821
8d5010bc.qasm,512,0.2035061,0,0.1785,0.9716
8d9d4033.qasm,16,1.0986492,0,1.1236,0.9951
8d9d4033.qasm,64,2.5595098,0,2.5708,0.999
8d9d4033.qasm,512,34.4068787,0,33.7062,0.9955
8e84b85a.qasm,16,0.1826762,0,0.2099,0.9698
8e84b85a.qasm,64,0.1524136,0,0.2318,0.9089
8e84b85a.qasm,512,0.1863533,0,0.1966,0.9884
8e9564e3.qasm,16,1.4540433,0,1.4804,0.9961
8e9564e3.qasm,64,8.4504558,0,8.5459,0.9976
8e9564e3.qasm,512,307.5274544,0,313.6366,0.9957
8f4e1b64.qasm,16,11.0098067,0,23.1595,0.8385
8f4e1b64.qasm,64,0.5562086,0,11.2167,0.3477
8f564e3e.qasm,16,1.9908197,0,2.0311,0.9957
8f564e3e.qasm,64,15.5767765,0,15.4191,0.9978
8f564e3e.qasm,512,689.9786614,0,705.0449,0.9953
8f8fbcbd.qasm,16,712.1879557,0,845.0997,0.9628
8f8fbcbd.qasm,64,1437.2253333,0,410.2897,0.7278
8fb9e9ac.qasm,16,0.1811224,0,1.2913,0.5735
8fb9e9ac.qasm,64,0.5304693,0,2.0554,0.7059
8fb9e9ac.qasm,512,0.1635519,0,2.6666,0.3939
9143d50f.qasm,16,0.1758806,0,0.32,0.87
9143d50f.qasm,64,2.8306142,0,1.7196,0.8918
9143d50f.qasm,512,0.1778599,0,0.2244,0.9495
917fa943.qasm,16,1.7270749,0,1.6604,0.9915
917fa943.qasm,64,0.6866674,0,3.3084,0.6586
917fa943.qasm,512,166.3146686,0,46.5281,0.7234
92f98bb3.qasm,16,0.4699449,0,0.4507,0.9909
92f98bb3.qasm,64,0.345261,0,0.363,0.9891
92f98bb3.qasm,512,0.3467309,0,0.3419,0.997
933b305c.qasm,16,1.8488212,0,1.8721,0.9973
933b305c.qasm,64,10.6689873,0,10.9459,0.9944
933b305c.qasm,512,433.0217914,0,439.2248,0.9969
93865be7.qasm,16,0.1846872,0,0.1948,0.9884
93865be7.qasm,64,0.2199938,0,0.1901,0.9683
9395edc6.qasm,16,8.2267604,0,0.5316,0.4052
9395edc6.qasm,64,3.4462506,0,0.5429,0.5987
9395edc6.qasm,512,8.1534394,0,0.5314,0.407
93c78575.qasm,16,2.2330659,0,2.1887,0.9956
93c78575.qasm,64,13.1318516,0,13.4238,0.9952
93c78575.qasm,512,575.9143289,0,561.9266,0.9947
9429600a.qasm,16,2.1292974,0,2.1002,0.997
9429600a.qasm,64,12.1837556,0,12.2618,0.9986
9429600a.qasm,512,496.7916788,0,491.8127,0.9978
94f4e26a.qasm,16,2.5668699,0,2.4046,0.9858
94f4e26a.qasm,64,18.5037521,0,19.0416,0.9938
94f4e26a.qasm,512,704.7077988,0,710.584,0.9982
950704f2.qasm,16,11.7088492,0,8.7688,0.9372
950704f2.qasm,64,2.5663469,0,5.6249,0.8296
950704f2.qasm,512,11.8272601,0,9.2506,0.9466
954ad251.qasm,16,0.1998429,0,0.1769,0.9735
954ad251.qasm,64,0.1766784,0,0.1894,0.9849
954ad251.qasm,512,0.1887426,0,0.171,0.9785
957c248b.qasm,16,0.1746251,0,0.6809,0.7045
957c248b.qasm,64,0.2911975,0,0.5796,0.8505
957c248b.qasm,512,0.1866839,0,0.9005,0.6583
964382be.qasm,16,2.6285394,0,2.5677,0.9949
964382be.qasm,64,18.3249907,0,20.0577,0.9804
964382be.qasm,512,696.1004411,0,672.4011,0.9925
965eb08c.qasm,16,1.6469743,0,1.6514,0.9994
965eb08c.qasm,64,9.5513858,0,9.6869,0.9969
965eb08c.qasm,512,354.3248175,0,345.962,0.9948
96876fa5.qasm,16,8.5948081,0,7.9534,0.9832
96876fa5.qasm,64,0.9619184,0,4.975,0.6432
96876fa5.qasm,512,7.9138945,0,15.9487,0.8478
96f82da7.qasm,16,0.1747095,0,0.2147,0.9553
96f82da7.qasm,64,2.1292088,0,1.1948,0.8745
96f82da7.qasm,512,0.1789396,0,0.1798,0.9989
981d8651.qasm,16,0.1774534,0,0.2373,0.9369
981d8651.qasm,64,4.6828124,0,1.6861,0.7782
981d8651.qasm,512,0.1706147,0,0.2589,0.9095
9a442b56.qasm,16,9.1980982,0,8.222,0.9756
9a442b56.qasm,64,1.1185776,0,0.2564,0.6801
9c6b6510.qasm,16,0.2886272,0,0.3926,0.9332
9c6b6510.qasm,64,2.4669897,0,1.1677,0.8376
9c6b6510.qasm,512,0.2779434,0,0.2008,0.9294
9ccf974e.qasm,16,0.3430253,0,0.2894,0.9631
9ccf974e.qasm,64,0.1709241,0,0.3062,0.8734
9d76010e.qasm,16,0.1707674,0,0.1744,0.9954
9d76010e.qasm,64,3.0336689,0,1.8863,0.8968
9d76010e.qasm,512,0.1692022,0,0.2149,0.948
9d7cbc78.qasm,16,0.4762271,0,0.4636,0.9942
9d7cbc78.qasm,64,0.3512017,0,0.3535,0.9986
9d7cbc78.qasm,512,0.3497272,0,0.3529,0.998
9d7e60b6.qasm,16,0.1894926,0,0.2025,0.9856
9d7e60b6.qasm,64,2.0476432,0,1.0687,0.8588
9d7e60b6.qasm,512,0.17088,0,0.1848,0.9829
9e3be92a.qasm,16,90.3924556,0,11.9476,0.5606
9e3be92a.qasm,64,5.0076162,0,3.1723,0.9009
9e3be92a.qasm,512,90.0866894,0,11.8079,0.5588
9ea3bed5.qasm,16,3.9805098,0,4.0458,0.9965
9ea3bed5.qasm,64,3.8935624,0,4.9206,0.9492
9ea3bed5.qasm,512,3.9776184,0,3.9865,0.9995
9f744e04.qasm,16,52.2173733,0,32.7251,0.8985
9f744e04.qasm,64,104.6631336,0,170.2868,0.8943
9f744e04.qasm,512,4128.4169987,0,5109.0616,0.9537
a0a79499.qasm,16,1.8720441,0,0.6742,0.7782
a0a79499.qasm,64,0.7155789,0,0.82,0.9704
a0a79499.qasm,512,1.9413185,0,1.0949,0.8756
a0b53b67.qasm,16,0.17763,0,0.2055,0.9684
a0b53b67.qasm,64,0.5182719,0,0.6575,0.9483
a169a3ba.qasm,16,1.6347612,0,1.7089,0.9904
a169a3ba.qasm,64,8.8988835,0,9.6037,0.9834
a169a3ba.qasm,512,330.8614835,0,338.3404,0.9951
a1b3d3aa.qasm,16,2.1666266,0,0.8097,0.7863
a1b3d3aa.qasm,64,6.8271681,0,0.8068,0.5363
a1b3d3aa.qasm,512,212.504594,0,3.8343,0.1282
a1bc8d56.qasm,16,1.0850003,0,1.0953,0.9979
a1bc8d56.qasm,64,2.2916824,0,2.2102,0.9921
a1bc8d56.qasm,512,23.9920577,0,19.6049,0.9561
a3cb01ca.qasm,16,1.2192321,0,1.1829,0.9934
a3cb01ca.qasm,64,3.4253563,0,3.4374,0.9992
a3cb01ca.qasm,512,72.2422423,0,74.2242,0.9941
a409aaa1.qasm,16,2.5722586,0,4.1663,0.8953
a409aaa1.qasm,64,6.2227107,0,7.2234,0.9676
a409aaa1.qasm,512,194.3047202,0,223.6775,0.9694
a440a477.qasm,16,16.1698954,0,3.0301,0.6364
a440a477.qasm,64,6.6068827,0,3.2247,0.8442
a440a477.qasm,512,16.6344511,0,6.1742,0.7848
a44fdc9f.qasm,16,0.1848667,0,0.1647,0.9749
a44fdc9f.qasm,64,1.0295765,0,0.8221,0.9511
a44fdc9f.qasm,512,0.177387,0,0.1819,0.9945
a4f95806.qasm,16,0.1664255,0,0.1772,0.9864
a4f95806.qasm,64,0.6707554,0,0.4365,0.9067
a4f95806.qasm,512,0.173206,0,0.1783,0.9937
a75c691c.qasm,16,2.0765425,0,1.928,0.9839
a75c691c.qasm,64,0.166108,0,0.2111,0.948
a8818670.qasm,16,0.1796637,0,0.1888,0.9892
a8818670.qasm,64,1.156165,0,0.852,0.9337
a8818670.qasm,512,0.1873231,0,0.2319,0.9537
a8b40b61.qasm,16,1.6559996,0,1.6404,0.9979
a8b40b61.qasm,64,9.471062,0,9.4102,0.9986
a8b40b61.qasm,512,344.1986594,0,346.7275,0.9984
a8dfab96.qasm,16,1.0960489,0,1.122,0.9949
a8dfab96.qasm,64,2.5684272,0,2.5787,0.9991
a8dfab96.qasm,512,34.6236447,0,33.6872,0.994
a9091180.qasm,16,2.1176052,0,2.0839,0.9965
a9091180.qasm,64,12.1553883,0,12.1572,1.0
a9091180.qasm,512,497.3382991,0,491.1074,0.9973
aa41f5f1.qasm,16,2.0768734,0,2.0556,0.9978
aa41f5f1.qasm,64,12.5508372,0,12.2723,0.9951
aa41f5f1.qasm,512,497.8279025,0,495.5756,0.999
aac529b2.qasm,16,1231.2409277,0,244.8581,0.6493
aac529b2.qasm,64,49.3327626,0,181.17,0.7175
aac529b2.qasm,512,4142.7975459,0,815.44,0.647
aaf05f5c.qasm,16,1.1518439,0,1.1352,0.9968
aaf05f5c.qasm,64,5.0934963,0,5.0656,0.9988
aaf05f5c.qasm,512,144.7737831,0,143.8662,0.9986
ab65fd24.qasm,16,2.6866797,0,2.5629,0.9898
ab65fd24.qasm,64,21.0162879,0,20.657,0.9963
ab65fd24.qasm,512,969.4532299,0,937.1969,0.9927
ab8a1b3c.qasm,16,5.4734568,0,6.5433,0.9612
ab8a1b3c.qasm,64,0.1758804,0,11.8658,0.0855
ab8a1b3c.qasm,512,7.0257582,0,209.3111,0.263
ab964bf6.qasm,16,1.1127641,0,1.1627,0.9905
ab964bf6.qasm,64,5.0798998,0,5.1812,0.9957
ab964bf6.qasm,512,144.5852711,0,147.7582,0.9953
aceda861.qasm,16,307.3432026,0,25.6798,0.461
aceda861.qasm,64,142.410943,0,45.5244,0.7524
aceda861.qasm,512,304.2419227,0,23.9769,0.4483
ad2439c7.qasm,16,2.2632372,0,2.2154,0.9954
ad2439c7.qasm,64,16.2628899,0,16.2223,0.9995
ad2439c7.qasm,512,666.6881105,0,680.0108,0.9957
ad74d7c1.qasm,16,4.0893965,0,1.2109,0.7357
ad74d7c1.qasm,64,17.2060836,0,4.6128,0.7141
ad74d7c1.qasm,512,690.9794293,0,66.1533,0.4905
aed3c1af.qasm,16,1.7608045,0,1.739,0.9973
aed3c1af.qasm,64,10.0906199,0,10.2124,0.9974
aed3c1af.qasm,512,402.5104983,0,400.6004,0.999
af2659f0.qasm,16,0.1691918,0,0.1766,0.9907
af2659f0.qasm,64,0.1564611,0,0.1784,0.9714
af88ad19.qasm,16,0.1748353,0,0.2071,0.9633
af88ad19.qasm,64,0.1752695,0,0.2111,0.9596
af88ad19.qasm,512,0.179897,0,0.1865,0.9921
af8b17d0.qasm,16,0.1818541,0,0.1878,0.993
af8b17d0.qasm,64,0.1684462,0,0.2226,0.9395
b06c81ca.qasm,16,1.5398947,0,1.5256,0.998
b06c81ca.qasm,64,6.9210942,0,6.9405,0.9994
b06c81ca.qasm,512,202.7487235,0,204.0177,0.9986
b11883af.qasm,16,0.1776531,0,0.5776,0.744
b11883af.qasm,64,0.3563139,0,0.6092,0.8835
b11883af.qasm,512,0.1822348,0,0.4795,0.7899
b1ea1d60.qasm,16,0.2114184,0,0.2569,0.9576
b1ea1d60.qasm,64,4.7274893,0,2.0897,0.8227
b1ea1d60.qasm,512,0.2223113,0,0.3242,0.9181
b2346111.qasm,16,5166.5431432,0,7961.9016,0.9061
b2346111.qasm,64,3106.2406233,0,6354.5913,0.8446
b2346111.qasm,512,3112.5309232,0,12400.9294,0.6998
b38d732e.qasm,16,0.1849359,0,0.6344,0.7323
b38d732e.qasm,64,0.284838,0,0.5779,0.8464
b38d732e.qasm,512,0.1656216,0,6.4739,0.204
b469b640.qasm,16,0.1815829,0,0.2746,0.9102
b469b640.qasm,64,0.1756312,0,0.319,0.8704
b4976343.qasm,16,0.1754164,0,0.1921,0.9803
b4976343.qasm,64,0.2803895,0,0.2664,0.9889
b4976343.qasm,512,0.1761288,0,0.2012,0.9711
b4c090da.qasm,16,0.1804214,0,0.1793,0.9986
b4c090da.qasm,64,0.1699656,0,0.1758,0.9926
b5baa095.qasm,16,0.6978439,0,0.8052,0.9689
b5baa095.qasm,64,2.8962337,0,3.8549,0.9379
b5be0645.qasm,16,14400.0,1,138.8325,0.0
b5be0645.qasm,64,14400.0,1,111.8018,0.0
b601af0f.qasm,16,0.1732445,0,0.2686,0.9048
b601af0f.qasm,64,0.2902428,0,0.3112,0.9848
b601af0f.qasm,512,0.1780364,0,0.2446,0.931
b630efea.qasm,16,1.1978284,0,1.1966,0.9998
b630efea.qasm,64,4.1749277,0,4.2193,0.9977
b630efea.qasm,512,91.4829318,0,96.2969,0.9889
b680d160.qasm,16,2.0660882,0,2.0303,0.9962
b680d160.qasm,64,12.5213048,0,12.6943,0.997
b680d160.qasm,512,503.3593403,0,506.4641,0.9987
b7694c8e.qasm,16,4.6260506,0,3.453,0.9365
b7694c8e.qasm,64,0.3332834,0,0.3542,0.9868
b792cc98.qasm,16,0.1753902,0,0.175,0.9996
b792cc98.qasm,64,0.1814324,0,0.169,0.9846
b792cc98.qasm,512,0.1691766,0,0.1602,0.9882
b97c72bf.qasm,16,0.2227416,0,0.1886,0.9638
b97c72bf.qasm,64,0.2894879,0,0.3782,0.942
b97c72bf.qasm,512,0.2054503,0,0.1609,0.9469
b9ba0e84.qasm,16,6.7821621,0,5.0393,0.9355
b9ba0e84.qasm,64,28.7357524,0,3.2964,0.5298
b9ba0e84.qasm,512,2299.9374974,0,123.0218,0.3641
ba0c09b8.qasm,16,1.6862829,0,1.7093,0.9971
ba0c09b8.qasm,64,10.5202382,0,10.5146,0.9999
ba0c09b8.qasm,512,404.0949175,0,408.1586,0.9978
bb291a8b.qasm,16,2.2330537,0,2.2496,0.9984
bb291a8b.qasm,64,13.0469952,0,13.1873,0.9977
bb291a8b.qasm,512,564.3548563,0,562.2145,0.9992
bb50273f.qasm,16,461.9981726,0,166.7772,0.7787
bb50273f.qasm,64,61.8298675,0,97.1903,0.9018
bb50273f.qasm,512,565.4078367,0,400.3301,0.925
bc99b330.qasm,16,125.2180842,0,186.7172,0.9132
bc99b330.qasm,64,175.6986099,0,394.45,0.8244
bc9dd950.qasm,16,1.1235861,0,1.1026,0.9959
bc9dd950.qasm,64,2.5736842,0,2.5658,0.9993
bc9dd950.qasm,512,34.4556024,0,34.379,0.9995
bd32080b.qasm,16,1675.8850691,0,1211.1609,0.9295
bd32080b.qasm,64,6223.2373832,0,1505.0145,0.6918
bd32080b.qasm,512,14400.0,1,11624.0492,0.9535
bd462bd7.qasm,16,8.4452683,0,7.9998,0.9882
bd462bd7.qasm,64,0.1821213,0,0.2381,0.9418
bdd2c3ff.qasm,16,8.5620839,0,9.665,0.9737
bdd2c3ff.qasm,64,71.3363945,0,17.4058,0.6937
bdd2c3ff.qasm,512,2554.6987554,0,240.1031,0.4865
be527b4d.qasm,16,327.6427628,0,509.1618,0.9043
be527b4d.qasm,64,16.1154767,0,439.9401,0.2819
bf029799.qasm,16,1.7939698,0,1.7941,1.0
bf029799.qasm,64,9.9905934,0,9.889,0.9978
bf029799.qasm,512,373.7508547,0,386.8923,0.9925
bf0f8df9.qasm,16,0.54735,0,0.5507,0.9987
bf0f8df9.qasm,64,1.3424396,0,1.0796,0.9527
bf0f8df9.qasm,512,3.4726906,0,3.5866,0.993
bf9674e9.qasm,16,0.1775753,0,0.1697,0.9902
bf9674e9.qasm,64,2.4674081,0,1.9379,0.9475
bf9674e9.qasm,512,0.1735311,0,0.2104,0.9582
c05aa9cf.qasm,16,3.0019963,0,3.0179,0.9988
c05aa9cf.qasm,64,23.5731577,0,24.2129,0.9942
c05aa9cf.qasm,512,448.6712299,0,1066.5163,0.812
c0a1d157.qasm,16,0.1824355,0,0.381,0.8401
c0a1d157.qasm,64,4.6466562,0,1.7706,0.7905
c0a1d157.qasm,512,0.1828232,0,0.3843,0.8387
c0ffe57a.qasm,16,0.3998301,0,0.1805,0.8273
c0ffe57a.qasm,64,0.1699738,0,0.2114,0.9526
c20bb346.qasm,16,0.3509667,0,1.7979,0.6452
c20bb346.qasm,64,1.1472027,0,1.342,0.9659
c20bb346.qasm,512,0.3426731,0,2.0824,0.6082
c246552a.qasm,16,4.088997,0,9.8972,0.8081
c246552a.qasm,64,0.4388426,0,8.7657,0.3498
c246552a.qasm,512,816.6656867,0,42.9957,0.3607
c39fa73b.qasm,16,0.1780248,0,0.1785,0.9994
c39fa73b.qasm,64,0.1641723,0,0.1789,0.9813
c39fa73b.qasm,512,0.1729059,0,0.1738,0.9989
c3c0513f.qasm,16,0.1795263,0,0.3009,0.8879
c3c0513f.qasm,64,0.1589828,0,0.3429,0.8331
c3c0513f.qasm,512,0.1735996,0,0.3629,0.8399
c40ecada.qasm,16,1.5196586,0,1.5228,0.9996
c40ecada.qasm,64,6.9018753,0,7.4109,0.9845
c40ecada.qasm,512,208.5680732,0,206.4095,0.9977
c4c36286.qasm,16,1.7383957,0,1.695,0.9945
c4c36286.qasm,64,10.0725738,0,9.9692,0.9978
c4c36286.qasm,512,401.7213176,0,398.7813,0.9984
c4ff2c11.qasm,16,1.1621505,0,0.9951,0.9663
c4ff2c11.qasm,64,5.589187,0,5.484,0.9959
c4ff2c11.qasm,512,1.1551765,0,12.0877,0.4902
c6678d16.qasm,16,516.0462372,0,405.1353,0.9475
c6678d16.qasm,64,821.4442048,0,161.0357,0.6462
c6678d16.qasm,512,14400.0,1,13650.598,0.9884
c676cfb4.qasm,16,0.2353253,0,0.1786,0.9401
c676cfb4.qasm,64,0.2578355,0,0.1714,0.9113
c676cfb4.qasm,512,0.2453875,0,0.1752,0.9268
c7670b0a.qasm,16,0.5437697,0,0.7328,0.9352
c7670b0a.qasm,64,0.550425,0,0.809,0.9164
c7670b0a.qasm,512,0.5097197,0,0.6946,0.9328
c7a93f95.qasm,16,1.3009129,0,1.2904,0.9982
c7a93f95.qasm,64,6.5205913,0,5.7685,0.9734
c7a93f95.qasm,512,209.0101838,0,154.7375,0.9347
c7bddf55.qasm,16,0.5527257,0,0.5976,0.983
c7bddf55.qasm,64,1.1093257,0,1.0823,0.9947
c7bddf55.qasm,512,2.7514677,0,2.6584,0.9925
c82bb473.qasm,16,1.3014825,0,1.2967,0.9992
c82bb473.qasm,64,6.4765742,0,6.5482,0.9976
c82bb473.qasm,512,210.2100614,0,199.2646,0.9884
c84ad65b.qasm,16,1.132833,0,1.1635,0.9942
c84ad65b.qasm,64,4.3213624,0,4.1307,0.9902
c84ad65b.qasm,512,96.3818957,0,104.3071,0.9828
c8afe1ad.qasm,16,0.172325,0,0.1703,0.9974
c8afe1ad.qasm,64,0.7844303,0,0.4134,0.8609
c945995d.qasm,16,1.6418214,0,1.6273,0.9981
c945995d.qasm,64,8.8522282,0,8.8381,0.9997
c945995d.qasm,512,341.6206724,0,337.2579,0.9972
c95f41f8.qasm,16,0.1763965,0,0.179,0.9968
c95f41f8.qasm,64,0.4365802,0,0.2137,0.8449
c95f41f8.qasm,512,0.1773677,0,0.1735,0.9952
c96fe790.qasm,16,291.6478196,0,30.66,0.5109
c96fe790.qasm,64,29.968278,0,12.1491,0.8039
c96fe790.qasm,512,292.8521849,0,34.9551,0.5384
c999af32.qasm,16,1.1311006,0,1.1622,0.9941
c999af32.qasm,64,5.0753012,0,5.0927,0.9993
c999af32.qasm,512,144.1669223,0,124.9576,0.9689
ca0a2ce5.qasm,16,3.3426185,0,3.2712,0.9953
ca0a2ce5.qasm,64,0.1686469,0,0.1876,0.9769
ca634f4d.qasm,16,1.1346432,0,1.0655,0.9864
ca634f4d.qasm,64,2.3053915,0,2.3218,0.9985
ca634f4d.qasm,512,24.0285262,0,32.6682,0.9333
ca8c6d9a.qasm,16,2.1916357,0,2.2351,0.9957
ca8c6d9a.qasm,64,12.6761504,0,12.3073,0.9936
ca8c6d9a.qasm,512,522.5552257,0,524.5019,0.9992
ca980007.qasm,16,1.3004284,0,1.3013,0.9999
ca980007.qasm,64,6.5013756,0,6.5606,0.998
ca980007.qasm,512,203.2160267,0,199.2198,0.9957
cab2b6e9.qasm,16,1.5307986,0,1.4382,0.9865
cab2b6e9.qasm,64,6.8686035,0,7.0372,0.9947
cab2b6e9.qasm,512,204.0115588,0,205.9853,0.9979
cb2b300f.qasm,16,1.648719,0,1.6397,0.9988
cb2b300f.qasm,64,8.9312101,0,8.4049,0.9868
cb2b300f.qasm,512,336.9242883,0,342.9993,0.9961
cc5bc6eb.qasm,16,0.2399815,0,0.1926,0.9522
cc5bc6eb.qasm,64,1.4279914,0,0.6512,0.8295
cc5bc6eb.qasm,512,0.2081356,0,0.1929,0.9835
ccfd978a.qasm,16,42.3422714,0,70.4047,0.8896
ccfd978a.qasm,64,2.7107435,0,4.1429,0.9079
cd51d9b8.qasm,16,1.7485021,0,1.7941,0.9944
cd51d9b8.qasm,64,13.2100562,0,13.6218,0.9933
cd51d9b8.qasm,512,574.3465174,0,587.1479,0.9952
cd592018.qasm,16,2.3526015,0,2.2183,0.9872
cd592018.qasm,64,16.3234668,0,16.2213,0.9986
cd592018.qasm,512,666.1303829,0,677.9723,0.9962
cd5b55b6.qasm,16,0.256669,0,0.1677,0.9075
cd5b55b6.qasm,64,0.1625885,0,0.1724,0.9872
cd5b55b6.qasm,512,0.2338264,0,0.1793,0.9424
ce4f4dde.qasm,16,0.1818813,0,0.1917,0.9886
ce4f4dde.qasm,64,4.0506739,0,2.5581,0.9002
ce4f4dde.qasm,512,0.1800354,0,0.1768,0.9961
ce7207a3.qasm,16,3.4724855,0,3.0981,0.9752
ce7207a3.qasm,64,0.1853343,0,0.1857,0.9996
cee426fe.qasm,16,60.8826121,0,13.7943,0.6776
cee426fe.qasm,64,142.5602665,0,16.3207,0.5294
cee426fe.qasm,512,11992.3099161,0,177.9983,0.0858
cf2c4cc9.qasm,16,0.1780009,0,0.1877,0.9885
cf2c4cc9.qasm,64,0.3343455,0,0.2553,0.9415
cf2c4cc9.qasm,512,0.1702461,0,0.1875,0.979
cf5bfeb1.qasm,16,2.2799182,0,2.2028,0.9925
cf5bfeb1.qasm,64,13.0794536,0,13.5446,0.9924
cf5bfeb1.qasm,512,361.0046806,0,582.0148,0.8963
d168a391.qasm,16,0.1714008,0,0.1632,0.9894
d168a391.qasm,64,2.6421047,0,1.2174,0.8317
d168a391.qasm,512,0.1630537,0,0.1412,0.9688
d20d9d2e.qasm,16,7.2601546,0,6.9638,0.9909
d20d9d2e.qasm,64,0.2104846,0,0.2944,0.9271
d21812d8.qasm,16,5.7262912,0,6.4868,0.9729
d21812d8.qasm,64,0.1726025,0,0.2473,0.9219
d2ffaf7e.qasm,16,0.2321556,0,0.1688,0.9308
d2ffaf7e.qasm,64,2.5454339,0,1.9153,0.9382
d2ffaf7e.qasm,512,0.2593566,0,0.1632,0.8995
d3f98c63.qasm,16,2.2281586,0,2.239,0.9989
d3f98c63.qasm,64,13.0299189,0,13.0748,0.9993
d3f98c63.qasm,512,562.6930221,0,564.531,0.9993
d3f998bc.qasm,16,1.6935747,0,1.7433,0.9937
d3f998bc.qasm,64,12.2350033,0,12.1146,0.9979
d3f998bc.qasm,512,467.8785964,0,477.7828,0.9955
d49ba491.qasm,16,1.0047482,0,1.1587,0.969
d49ba491.qasm,64,4.3270887,0,4.1402,0.9904
d49ba491.qasm,512,96.860975,0,104.6424,0.9832
d4a7f2c7.qasm,16,0.560587,0,0.5949,0.9871
d4a7f2c7.qasm,64,1.1167891,0,1.1322,0.997
d4a7f2c7.qasm,512,2.7529107,0,2.7641,0.9991
d706049b.qasm,16,0.2326287,0,0.4373,0.8629
d706049b.qasm,64,1.7873514,0,1.3279,0.9355
d70a0bd6.qasm,16,580.3384012,0,298.596,0.8557
d70a0bd6.qasm,64,50.607107,0,139.8072,0.7793
d70a0bd6.qasm,512,14400.0,1,8251.5679,0.8791
d7fe8918.qasm,16,178.3645599,0,22.4348,0.5498
d7fe8918.qasm,64,70.2624963,0,47.8705,0.9167
d7fe8918.qasm,512,177.6785141,0,119.1155,0.9132
d87e1b4b.qasm,16,0.1730072,0,0.1606,0.9839
d87e1b4b.qasm,64,10.5632929,0,1.8565,0.6224
d87e1b4b.qasm,512,0.1801242,0,0.1749,0.9936
d9b603b5.qasm,16,1.2477177,0,1.0846,0.9696
d9b603b5.qasm,64,3.4265954,0,3.406,0.9987
d9b603b5.qasm,512,71.4677438,0,73.3703,0.9943
d9c77e07.qasm,16,0.1766356,0,0.1815,0.9941
d9c77e07.qasm,64,0.176099,0,0.1772,0.9986
d9c77e07.qasm,512,0.1867367,0,0.1723,0.9825
da0e58a0.qasm,16,5.1639065,0,5.7734,0.9758
da0e58a0.qasm,64,0.3444672,0,0.5247,0.9086
da213329.qasm,16,2.1257089,0,2.1095,0.9983
da213329.qasm,64,12.1394822,0,12.1581,0.9997
da213329.qasm,512,495.734152,0,494.8127,0.9996
da3a2f77.qasm,16,2.3491533,0,2.3571,0.9993
da3a2f77.qasm,64,18.0994781,0,18.1227,0.9997
da3a2f77.qasm,512,815.094525,0,754.3857,0.9832
da4d0871.qasm,16,56.5424679,0,48.3903,0.9662
da4d0871.qasm,64,3.6433298,0,3.2756,0.9769
da505823.qasm,16,1.3033438,0,1.3066,0.9995
da505823.qasm,64,6.5001772,0,6.5343,0.9989
da505823.qasm,512,202.880124,0,187.2078,0.9825
da601912.qasm,16,136.5321792,0,64.5205,0.8372
da601912.qasm,64,15.8334686,0,43.3489,0.7813
da601912.qasm,512,6845.3653931,0,8328.0259,0.9574
dae23358.qasm,16,1.3884339,0,1.3078,0.987
dae23358.qasm,64,5.7483908,0,5.6159,0.9949
dae23358.qasm,512,133.9679896,0,140.6155,0.9895
db12c1f0.qasm,16,4.704939,0,0.2307,0.3453
db12c1f0.qasm,64,0.5786665,0,0.2847,0.846
db12c1f0.qasm,512,4.6964082,0,0.2121,0.3274
db6ca211.qasm,16,0.2941825,0,0.2393,0.9552
db6ca211.qasm,64,9.5803355,0,2.2011,0.6806
db6ca211.qasm,512,0.2892399,0,0.2746,0.9887
dbcc99b4.qasm,16,0.1661296,0,0.1706,0.9942
dbcc99b4.qasm,64,1.0593415,0,1.092,0.9934
dbcc99b4.qasm,512,0.1705503,0,0.1719,0.9983
dc86453a.qasm,16,81.2021633,0,54.9434,0.9152
dc86453a.qasm,64,13.8824137,0,45.5779,0.7419
dc86453a.qasm,512,232.4684939,0,339.8049,0.9176
de690b52.qasm,16,1.2104143,0,1.1797,0.9944
de690b52.qasm,64,4.174748,0,4.1411,0.9982
de690b52.qasm,512,92.0933402,0,94.1751,0.9951
deb00fe1.qasm,16,0.1679924,0,0.2044,0.9574
deb00fe1.qasm,64,0.5832587,0,0.311,0.8634
deb00fe1.qasm,512,0.196166,0,0.2013,0.9944
df1a7a89.qasm,16,14400.0,1,3607.0786,0.6994
df1a7a89.qasm,512,14400.0,1,4934.5272,0.7674
df43c2c2.qasm,16,1.8799254,0,1.8368,0.995
df43c2c2.qasm,64,11.3939042,0,11.1451,0.9952
df43c2c2.qasm,512,464.5924748,0,459.2548,0.9975
df458745.qasm,16,1.3833654,0,2.7078,0.8542
df458745.qasm,64,2.1396599,0,3.2573,0.9087
df458745.qasm,512,1.372099,0,128.4617,0.0143
df75e229.qasm,16,2.3211752,0,2.2468,0.9929
df75e229.qasm,64,16.271501,0,16.1787,0.9988
df75e229.qasm,512,651.6184143,0,674.1152,0.9926
e10d312f.qasm,16,7.8625378,0,35.551,0.6724
e10d312f.qasm,64,7.6983357,0,30.0062,0.7046
e10d312f.qasm,512,7.8526391,0,1835.9812,0.0
e260fc6a.qasm,16,0.1742876,0,0.885,0.6472
e260fc6a.qasm,64,0.369846,0,0.4169,0.974
e260fc6a.qasm,512,0.1705179,0,0.9683,0.6229
e3863462.qasm,16,9.1420229,0,5.869,0.9038
e3863462.qasm,64,36.236887,0,3.3866,0.4853
e3863462.qasm,512,3105.451481,0,114.7683,0.2838
e3b97044.qasm,16,2.6052131,0,2.3987,0.9821
e3b97044.qasm,64,18.3742898,0,19.1755,0.9907
e3b97044.qasm,512,703.2050625,0,730.0474,0.9919
e4a4359e.qasm,16,137.7701207,0,163.4678,0.9629
e4a4359e.qasm,64,6.0091114,0,57.787,0.5085
e4b50619.qasm,16,0.1756429,0,0.1802,0.9945
e4b50619.qasm,64,0.2854015,0,0.1939,0.9161
e4b50619.qasm,512,0.1787359,0,0.1805,0.9979
e61acd2b.qasm,16,0.5875065,0,0.4534,0.9437
e61acd2b.qasm,64,0.340524,0,0.3609,0.9874
e61acd2b.qasm,512,0.3418323,0,0.3323,0.9939
e66c3381.qasm,16,2.1967006,0,2.1668,0.997
e66c3381.qasm,64,12.6856796,0,12.7495,0.9989
e66c3381.qasm,512,524.5309874,0,538.4441,0.9943
e698c12d.qasm,16,0.2237025,0,0.1758,0.9476
e698c12d.qasm,64,0.1696466,0,0.1895,0.976
e7296260.qasm,16,2.4096041,0,2.3525,0.9948
e7296260.qasm,64,18.1512398,0,18.06,0.9989
e7296260.qasm,512,839.2742018,0,693.0734,0.9584
e751ad87.qasm,16,6.0302502,0,28.5234,0.6626
e751ad87.qasm,64,3.9561276,0,10.2821,0.7926
e751ad87.qasm,512,5.8737042,0,26.2314,0.675
e7540ce6.qasm,16,2.967996,0,2.969,0.9999
e7540ce6.qasm,64,23.4620136,0,28.419,0.9584
e7540ce6.qasm,512,1121.9413081,0,1101.7452,0.9961
e815593a.qasm,16,0.1872426,0,0.1932,0.9932
e815593a.qasm,64,0.2779193,0,0.3056,0.9794
e815593a.qasm,512,0.1756265,0,0.216,0.955
e893b1a5.qasm,16,29.4305108,0,22.4037,0.9408
e893b1a5.qasm,64,2.0071979,0,3.1799,0.9001
ea801020.qasm,16,309.4653601,0,42.2689,0.5677
ea801020.qasm,64,36.0080199,0,14.0148,0.7951
ea801020.qasm,512,230.8000527,0,60.8479,0.7105
eb153d64.qasm,16,0.181782,0,0.209,0.9697
eb153d64.qasm,64,4.8830567,0,2.743,0.8748
eb153d64.qasm,512,0.1738596,0,0.2449,0.9256
ebb0ac17.qasm,16,1.1353584,0,0.5188,0.8299
ebb0ac17.qasm,64,1.2178021,0,1.0575,0.9694
ebb0ac17.qasm,512,3.070161,0,2.4648,0.9523
ebc18fd7.qasm,16,7.6774203,0,0.9733,0.5515
ebc18fd7.qasm,64,2.5845105,0,3.7187,0.921
ebc18fd7.qasm,512,7.634144,0,177.9867,0.3162
ebc3e166.qasm,16,5179.4789079,0,885.1529,0.6164
ebc3e166.qasm,64,595.4877102,0,1445.3347,0.8075
ebc3e166.qasm,512,14400.0,1,2984.6176,0.6583
ec70915a.qasm,16,1.0359822,0,1.689,0.8939
ec70915a.qasm,64,6.3906656,0,5.8713,0.9816
ec70915a.qasm,512,196.3373207,0,73.344,0.7862
eca6fb66.qasm,16,2.0567893,0,2.0409,0.9983
eca6fb66.qasm,64,12.525143,0,12.6095,0.9985
eca6fb66.qasm,512,519.2628031,0,504.1934,0.9936
ed52defd.qasm,16,0.5929218,0,0.5299,0.9756
ed52defd.qasm,64,0.4510283,0,0.442,0.9956
ed52defd.qasm,512,0.4499749,0,0.4271,0.9887
eefd994e.qasm,16,2.240148,0,2.2222,0.9983
eefd994e.qasm,64,13.1561919,0,13.4097,0.9959
eefd994e.qasm,512,565.6982321,0,560.2915,0.9979
ef8d10d7.qasm,16,3.2810825,0,4.7987,0.9174
ef8d10d7.qasm,64,0.3767518,0,5.6903,0.4105
ef8d10d7.qasm,512,630.5900888,0,52.1354,0.4587
efafd44f.qasm,16,4.6616661,0,8.0839,0.8805
efafd44f.qasm,64,3.6616828,0,13.6994,0.7135
efafd44f.qasm,512,4.7884434,0,7.6657,0.8978
f030e083.qasm,16,18.2983299,0,3.8912,0.6638
f030e083.qasm,64,89.5138261,0,5.9521,0.4114
f030e083.qasm,512,6472.4911644,0,43.3038,0.0
f05a6196.qasm,16,104.7265023,0,42.2689,0.803
f05a6196.qasm,64,12.8204187,0,14.0148,0.9807
f05a6196.qasm,512,104.1241767,0,60.8479,0.8833
f0c5e28f.qasm,16,0.1777949,0,0.1966,0.9782
f0c5e28f.qasm,64,0.1661819,0,0.2368,0.9231
f0c5e28f.qasm,512,0.1739449,0,0.1883,0.9828
f0e878db.qasm,16,2.1514548,0,1.7431,0.9543
f0e878db.qasm,64,13.3382501,0,5.7123,0.8159
f0e878db.qasm,512,505.6558381,0,76.0092,0.5885
f0e91b40.qasm,16,1.7400719,0,2.1498,0.9541
f0e91b40.qasm,64,8.277378,0,1.8383,0.6733
f0e91b40.qasm,512,402.4557177,0,113.0126,0.7242
f1167cc3.qasm,16,1.4061182,0,1.31,0.9846
f1167cc3.qasm,64,5.7188014,0,5.7707,0.998
f1167cc3.qasm,512,134.1967482,0,146.0412,0.9816
f163436d.qasm,16,0.1814544,0,0.1972,0.9819
f163436d.qasm,64,0.2191586,0,0.1902,0.9693
f1bcea54.qasm,16,1.8772476,0,1.8555,0.9975
f1bcea54.qasm,64,10.6506547,0,11.1525,0.99
f1bcea54.qasm,512,446.2009766,0,439.8862,0.9969
f27a09cf.qasm,16,0.177527,0,0.299,0.8868
f27a09cf.qasm,64,9.6810114,0,2.0774,0.6658
f2a5a67a.qasm,16,0.4595018,0,0.4429,0.992
f2a5a67a.qasm,64,0.341567,0,0.4057,0.9626
f2a5a67a.qasm,512,0.3407394,0,0.3609,0.9875
f5398281.qasm,16,2.3567967,0,2.4165,0.9946
f5398281.qasm,64,18.2032992,0,17.7803,0.9949
f5398281.qasm,512,322.2864782,0,765.8577,0.812
f5aeb6f0.qasm,16,2.2514043,0,2.124,0.9874
f5aeb6f0.qasm,64,12.6472618,0,12.3665,0.9951
f5aeb6f0.qasm,512,525.0129456,0,521.7256,0.9986
f5d72dae.qasm,16,0.2802252,0,0.6004,0.8345
f5d72dae.qasm,64,2.0205184,0,2.1608,0.9854
f5d72dae.qasm,512,34.9589754,0,12.2581,0.7724
f67ec297.qasm,16,1.3940487,0,1.4256,0.9951
f67ec297.qasm,64,7.96335,0,7.9205,0.9988
f67ec297.qasm,512,284.6133112,0,293.4566,0.9934
f7ff0727.qasm,16,0.1900845,0,0.1756,0.9828
f7ff0727.qasm,64,0.172657,0,0.1873,0.9823
f8a38627.qasm,16,168.1454513,0,324.0838,0.8575
f8a38627.qasm,64,293.6294401,0,451.2689,0.9067
f8a38627.qasm,512,13907.1177314,0,6250.336,0.8263
f8d235ae.qasm,16,0.1790703,0,0.1776,0.9982
f8d235ae.qasm,64,0.2438151,0,0.1804,0.9346
f98536e0.qasm,16,0.1788549,0,0.1799,0.9987
f98536e0.qasm,64,0.1664448,0,0.1745,0.9897
f9fee41b.qasm,16,2.5416661,0,2.5469,0.9995
f9fee41b.qasm,64,18.3950709,0,20.0141,0.9817
f9fee41b.qasm,512,708.6173386,0,706.0004,0.9992
fabdaac7.qasm,16,0.173836,0,0.2078,0.9613
fabdaac7.qasm,64,1.2635249,0,0.6606,0.8592
fabdaac7.qasm,512,0.1686687,0,0.2022,0.9606
fadf1f0d.qasm,16,189.9048099,0,161.3209,0.9646
fadf1f0d.qasm,64,6.8785139,0,51.4547,0.563
fb107df5.qasm,16,17.8465127,0,3.2008,0.6269
fb107df5.qasm,64,11.9524327,0,18.5287,0.9048
fb107df5.qasm,512,18.1957599,0,3.3481,0.6324
fb7e6eb0.qasm,16,3.5610048,0,3.7676,0.9878
fb7e6eb0.qasm,64,13.2631154,0,14.0588,0.9873
fb7e6eb0.qasm,512,543.1701861,0,422.6427,0.9455
fb8a2851.qasm,16,0.1633197,0,0.2019,0.9539
fb8a2851.qasm,64,1.2676421,0,0.6213,0.8451
fb8a2851.qasm,512,0.1731245,0,0.1984,0.9704
fb9223a1.qasm,16,0.1798739,0,0.1858,0.9929
fb9223a1.qasm,64,0.1664083,0,0.1784,0.9849
fb9223a1.qasm,512,0.1863105,0,0.1906,0.995
fb9be929.qasm,16,0.2353189,0,0.1877,0.9509
fb9be929.qasm,64,0.1624003,0,0.2002,0.9546
fb9be929.qasm,512,0.2252247,0,0.184,0.9561
fbcf0ea3.qasm,16,2.0731039,0,2.1047,0.9967
fbcf0ea3.qasm,64,12.5101245,0,12.5819,0.9988
fbcf0ea3.qasm,512,498.2115381,0,500.3842,0.9991
fbdc2a1f.qasm,16,0.5656909,0,0.5281,0.9851
fbdc2a1f.qasm,64,0.4538723,0,0.4684,0.9932
fbdc2a1f.qasm,512,0.4505086,0,0.4521,0.9993
fbe1d41c.qasm,16,0.222654,0,0.1854,0.9603
fbe1d41c.qasm,64,0.1667608,0,0.2101,0.9498
fbe1d41c.qasm,512,0.2139725,0,0.1803,0.9628
fc1ce5ab.qasm,16,62.1942227,0,133.461,0.8342
fc1ce5ab.qasm,64,3.1473689,0,6.0726,0.8573
fc330f35.qasm,16,1.8849809,0,1.8617,0.9973
fc330f35.qasm,64,11.3087631,0,11.3283,0.9996
fc330f35.qasm,512,463.7660308,0,463.5186,0.9999
fc56714f.qasm,16,0.1707354,0,0.2232,0.9418
fc56714f.qasm,64,0.1801617,0,0.2138,0.9628
fc56714f.qasm,512,0.1801311,0,0.213,0.9636
fc5872f2.qasm,16,440.7522683,0,218.683,0.8478
fc5872f2.qasm,64,97.4429289,0,56.9682,0.8834
fc5872f2.qasm,512,3531.1551545,0,451.6291,0.5534
fc66bdd4.qasm,16,0.7283128,0,4.515,0.6038
fc66bdd4.qasm,64,1.3749575,0,1.8253,0.9385
fc66bdd4.qasm,512,0.727108,0,4.6923,0.5951
fdf0b97e.qasm,16,1.9983464,0,1.959,0.9957
fdf0b97e.qasm,64,11.4593518,0,11.4285,0.9994
fdf0b97e.qasm,512,436.8495151,0,452.391,0.9924
ffe82f32.qasm,16,0.2051507,0,0.3196,0.9037
ffe82f32.qasm,64,1.3167689,0,0.9486,0.9288
