feature,gain
lcost1,17010.615028619766
lcost_entropy,14496.681393384933
log_bytes,5635.814612865448
lcost2,5238.825532674789
log2_thr,4447.160259962082
frac_sat,3848.7016854286194
frac_param,3608.748418211937
width_mean,3459.7998197078705
width_std,3144.5726997852325
frac_nonclifford,3126.0946609973907
log_nq,3083.9315931797028
log_gates_per_layer,2835.004229068756
log_ngates,2796.275234222412
frac_2q,2398.243582010269
log_n2q,2203.422497034073
frac_nn,2112.1202375888824
log_meas_mid,2029.250580072403
log_meas,1600.6461470127106
log_cross_mean,1416.5951414108276
log_n1q,1408.383201122284
S_frac,1192.630268573761
span_mean,1171.0233376026154
S_peak_mean,1170.1782400608063
log_depth,1090.8524901866913
S_excess_thr,881.3976600170135
log_cross_max,848.4195795059204
S_peak_max,813.914046049118
log_cond,792.7355556488037
log_depth2q,751.5971629619598
S_capped_thr,641.8266696929932
log_n3q,541.4943602085114
S_peak_mid,447.77992844581604
max_lc,358.48391938209534
frac_3q,355.7848811149597
log_span_max,347.51227021217346
mean_lc,239.14619970321655
log_if,161.79424834251404
frac_rank4,111.67405152320862
frac_used,7.714030027389526
truncated,5.890379905700684
failed,0.0
