model,cv_mean,cv_std,diff_vs_lgb,diff_std
lgb_2stage,0.8980147418750665,0.001434966812685449,0.002469679863199681,0.0009036806787124824
lgb_seeds,0.8958607766431814,0.001808846224568376,0.00031571463131461195,0.0004657002912602995
lgb,0.8955450620118668,0.0016819149066965792,0.0,0.0
xgb_aft,0.8941558921660591,0.0026101323017052925,-0.0013891698458079027,0.00216568451237841
mlp,0.8859128633532721,0.0036143045939614755,-0.009632198658594793,0.0030306492133775763
blend_2stage,0.8821146330658314,0.0019650912004736927,-0.013430428946035411,0.0013953605388583646
blend,0.8799740062532285,0.001961634788926993,-0.015571055758638375,0.0007820184248898622
rf,0.8771860925019075,0.001964096238786926,-0.018358969509959477,0.0003981041641420774
ridge,0.7883410349093702,0.0033592598134276667,-0.10720402710249662,0.0036931773805669657
