team,filename,threshold,pred_duration_s,parse_s,predict_s
Wolfpack,0071a13b.qasm,16,11.931412,0.1544,0.0000
Wolfpack,0071a13b.qasm,64,33.195768,0.1544,0.0000
Wolfpack,0071a13b.qasm,512,153.635402,0.1544,0.0000
Wolfpack,00c20ece.qasm,16,0.158489,0.1194,0.0000
Wolfpack,00c20ece.qasm,64,0.158489,0.1194,0.0000
Wolfpack,00c20ece.qasm,512,0.158489,0.1194,0.0000
Wolfpack,03042ac9.qasm,16,11.931412,0.1241,0.0000
Wolfpack,03042ac9.qasm,64,33.195768,0.1241,0.0000
Wolfpack,03042ac9.qasm,512,153.635402,0.1241,0.0000
Wolfpack,03934028.qasm,16,81.906305,6.2873,0.0001
Wolfpack,03934028.qasm,64,231.641141,6.2873,0.0000
Wolfpack,03934028.qasm,512,1101.587518,6.2873,0.0000
Wolfpack,03ee478e.qasm,16,0.629578,0.0025,0.0000
Wolfpack,03ee478e.qasm,64,0.629578,0.0025,0.0000
Wolfpack,03ee478e.qasm,512,0.629578,0.0025,0.0000
Wolfpack,04276362.qasm,16,0.475468,0.0008,0.0000
Wolfpack,04276362.qasm,64,0.475468,0.0008,0.0000
Wolfpack,04276362.qasm,512,0.475468,0.0008,0.0000
Wolfpack,0491d461.qasm,16,7.594133,0.0376,0.0000
Wolfpack,0491d461.qasm,64,19.920136,0.0376,0.0000
Wolfpack,0491d461.qasm,512,47.940025,0.0376,0.0000
Wolfpack,0525d9ee.qasm,16,7.594133,0.0356,0.0000
Wolfpack,0525d9ee.qasm,64,19.920136,0.0356,0.0000
Wolfpack,0525d9ee.qasm,512,47.940025,0.0356,0.0000
Wolfpack,0534bf07.qasm,16,138.185478,7.3137,0.0001
Wolfpack,0534bf07.qasm,64,390.807341,7.3137,0.0001
Wolfpack,0534bf07.qasm,512,1858.657638,7.3137,0.0001
Wolfpack,055dc894.qasm,16,11.871644,0.1267,0.0001
Wolfpack,055dc894.qasm,64,33.474950,0.1267,0.0001
Wolfpack,055dc894.qasm,512,154.322072,0.1267,0.0001
Wolfpack,056c2b99.qasm,16,7.062572,0.0999,0.0001
Wolfpack,056c2b99.qasm,64,16.971173,0.0999,0.0000
Wolfpack,056c2b99.qasm,512,16.971173,0.0999,0.0000
Wolfpack,058c7d32.qasm,16,6.158609,0.0756,0.0001
Wolfpack,058c7d32.qasm,64,16.621884,0.0756,0.0001
Wolfpack,058c7d32.qasm,512,44.853896,0.0756,0.0001
Wolfpack,067475b0.qasm,16,10.270783,0.2844,0.0000
Wolfpack,067475b0.qasm,64,28.066304,0.2844,0.0000
Wolfpack,067475b0.qasm,512,128.550553,0.2844,0.0000
Wolfpack,06857ab2.qasm,16,26.951566,1.9907,0.0001
Wolfpack,06857ab2.qasm,64,76.029475,1.9907,0.0000
Wolfpack,06857ab2.qasm,512,358.288700,1.9907,0.0000
Wolfpack,06a7dabf.qasm,16,11.219797,0.3502,0.0001
Wolfpack,06a7dabf.qasm,64,31.276346,0.3502,0.0001
Wolfpack,06a7dabf.qasm,512,143.862543,0.3502,0.0001
Wolfpack,06e45cf2.qasm,16,7.458314,0.1377,0.0001
Wolfpack,06e45cf2.qasm,64,19.458748,0.1377,0.0001
Wolfpack,06e45cf2.qasm,512,46.829728,0.1377,0.0001
Wolfpack,0732491c.qasm,16,41.881342,3.2222,0.0001
Wolfpack,0732491c.qasm,64,118.456415,3.2222,0.0001
Wolfpack,0732491c.qasm,512,563.448575,3.2222,0.0001
Wolfpack,07fc5b22.qasm,16,7.594133,0.1358,0.0001
Wolfpack,07fc5b22.qasm,64,19.920136,0.1358,0.0001
Wolfpack,07fc5b22.qasm,512,47.940025,0.1358,0.0001
Wolfpack,08239e90.qasm,16,46.898995,4.8186,0.0001
Wolfpack,08239e90.qasm,64,132.606858,4.8186,0.0001
Wolfpack,08239e90.qasm,512,630.644476,4.8186,0.0001
Wolfpack,0885b672.qasm,16,11.198438,0.3272,0.0001
Wolfpack,0885b672.qasm,64,31.190751,0.3272,0.0001
Wolfpack,0885b672.qasm,512,142.577845,0.3272,0.0001
Wolfpack,0a0f4c36.qasm,16,10.187424,0.0144,0.0001
Wolfpack,0a0f4c36.qasm,64,28.689678,0.0144,0.0001
Wolfpack,0a0f4c36.qasm,512,134.637396,0.0144,0.0001
Wolfpack,0b0e43d6.qasm,16,11.613236,0.3243,0.0001
Wolfpack,0b0e43d6.qasm,64,32.395843,0.3243,0.0001
Wolfpack,0b0e43d6.qasm,512,149.305310,0.3243,0.0001
Wolfpack,0b325fdd.qasm,16,68.727231,6.4474,0.0002
Wolfpack,0b325fdd.qasm,64,194.367358,6.4474,0.0001
Wolfpack,0b325fdd.qasm,512,924.551571,6.4474,0.0001
Wolfpack,0bde3200.qasm,16,0.158489,0.0008,0.0001
Wolfpack,0bde3200.qasm,64,0.158489,0.0008,0.0000
Wolfpack,0bde3200.qasm,512,0.158489,0.0008,0.0000
Wolfpack,0c0ce4a1.qasm,16,7.062572,0.1032,0.0001
Wolfpack,0c0ce4a1.qasm,64,16.971173,0.1032,0.0001
Wolfpack,0c0ce4a1.qasm,512,16.971173,0.1032,0.0001
Wolfpack,0c676248.qasm,16,1.065273,0.0137,0.0001
Wolfpack,0c676248.qasm,64,1.065273,0.0137,0.0001
Wolfpack,0c676248.qasm,512,1.065273,0.0137,0.0001
Wolfpack,0cc92082.qasm,16,9.587287,0.0996,0.0001
Wolfpack,0cc92082.qasm,64,25.457244,0.0996,0.0001
Wolfpack,0cc92082.qasm,512,25.457244,0.0996,0.0001
Wolfpack,0cd81bd7.qasm,16,10.859109,0.3638,0.0001
Wolfpack,0cd81bd7.qasm,64,29.928810,0.3638,0.0001
Wolfpack,0cd81bd7.qasm,512,138.069130,0.3638,0.0001
Wolfpack,0d08bd43.qasm,16,71.251861,6.0984,0.0001
Wolfpack,0d08bd43.qasm,64,201.413555,6.0984,0.0000
Wolfpack,0d08bd43.qasm,512,956.163861,6.0984,0.0000
Wolfpack,0d094263.qasm,16,1.961409,0.0003,0.0000
Wolfpack,0d094263.qasm,64,1.961409,0.0003,0.0000
Wolfpack,0d094263.qasm,512,1.961409,0.0003,0.0000
Wolfpack,0d6f51b4.qasm,16,3.130474,0.0004,0.0000
Wolfpack,0d6f51b4.qasm,64,4.323170,0.0004,0.0000
Wolfpack,0d6f51b4.qasm,512,4.323170,0.0004,0.0000
Wolfpack,0e8ddfa3.qasm,16,9.377414,0.0583,0.0000
Wolfpack,0e8ddfa3.qasm,64,25.826198,0.0583,0.0000
Wolfpack,0e8ddfa3.qasm,512,109.368304,0.0583,0.0000
Wolfpack,0ee54ab9.qasm,16,8.360964,0.0103,0.0000
Wolfpack,0ee54ab9.qasm,64,23.298017,0.0103,0.0000
Wolfpack,0ee54ab9.qasm,512,104.714141,0.0103,0.0000
Wolfpack,0f6ae53c.qasm,16,12.493996,0.0112,0.0001
Wolfpack,0f6ae53c.qasm,64,35.278244,0.0112,0.0001
Wolfpack,0f6ae53c.qasm,512,167.380812,0.0112,0.0001
Wolfpack,10761caa.qasm,16,9.491702,0.0570,0.0000
Wolfpack,10761caa.qasm,64,26.120752,0.0570,0.0000
Wolfpack,10761caa.qasm,512,111.232207,0.0570,0.0000
Wolfpack,10ea3498.qasm,16,10.493402,0.0037,0.0001
Wolfpack,10ea3498.qasm,64,29.238676,0.0037,0.0000
Wolfpack,10ea3498.qasm,512,135.835419,0.0037,0.0000
Wolfpack,1154e9d9.qasm,16,133.800645,153.3972,0.0001
Wolfpack,1154e9d9.qasm,64,374.812514,153.3972,0.0000
Wolfpack,1154e9d9.qasm,512,1728.061450,153.3972,0.0000
Wolfpack,12157215.qasm,16,62.847233,6.0598,0.0001
Wolfpack,12157215.qasm,64,177.688736,6.0598,0.0000
Wolfpack,12157215.qasm,512,843.895612,6.0598,0.0000
Wolfpack,125f60d7.qasm,16,46.586129,6.1207,0.0001
Wolfpack,125f60d7.qasm,64,128.346505,6.1207,0.0000
Wolfpack,125f60d7.qasm,512,567.198181,6.1207,0.0000
Wolfpack,138d2c7b.qasm,16,11.050314,0.1146,0.0001
Wolfpack,138d2c7b.qasm,64,30.588830,0.1146,0.0000
Wolfpack,138d2c7b.qasm,512,141.250436,0.1146,0.0000
Wolfpack,13b8e3f8.qasm,16,9.720342,0.0814,0.0000
Wolfpack,13b8e3f8.qasm,64,26.795762,0.0814,0.0000
Wolfpack,13b8e3f8.qasm,512,120.133583,0.0814,0.0000
Wolfpack,13eb49aa.qasm,16,4.822055,0.0011,0.0000
Wolfpack,13eb49aa.qasm,64,13.405010,0.0011,0.0000
Wolfpack,13eb49aa.qasm,512,61.234889,0.0011,0.0000
Wolfpack,14019fed.qasm,16,36.656776,0.4688,0.0001
Wolfpack,14019fed.qasm,64,103.676920,0.4688,0.0001
Wolfpack,14019fed.qasm,512,493.108645,0.4688,0.0001
Wolfpack,149b1e7c.qasm,16,16.051431,0.0570,0.0001
Wolfpack,149b1e7c.qasm,64,45.247961,0.0570,0.0000
Wolfpack,149b1e7c.qasm,512,212.440992,0.0570,0.0000
Wolfpack,15434610.qasm,16,11.050314,0.1076,0.0000
Wolfpack,15434610.qasm,64,30.588830,0.1076,0.0000
Wolfpack,15434610.qasm,512,141.250436,0.1076,0.0000
Wolfpack,159b3481.qasm,16,7.458314,0.0372,0.0000
Wolfpack,159b3481.qasm,64,19.458748,0.0372,0.0000
Wolfpack,159b3481.qasm,512,46.829728,0.0372,0.0000
Wolfpack,15c28669.qasm,16,20.984563,0.1012,0.0000
Wolfpack,15c28669.qasm,64,59.338517,0.1012,0.0000
Wolfpack,15c28669.qasm,512,281.575401,0.1012,0.0000
Wolfpack,1619b169.qasm,16,10.514809,0.0122,0.0000
Wolfpack,1619b169.qasm,64,29.356383,0.0122,0.0000
Wolfpack,1619b169.qasm,512,81.164576,0.0122,0.0000
Wolfpack,166e9d3a.qasm,16,9.740558,0.0061,0.0000
Wolfpack,166e9d3a.qasm,64,26.646451,0.0061,0.0000
Wolfpack,166e9d3a.qasm,512,70.479472,0.0061,0.0000
Wolfpack,1688d759.qasm,16,12.427027,0.1771,0.0001
Wolfpack,1688d759.qasm,64,34.856045,0.1771,0.0000
Wolfpack,1688d759.qasm,512,162.308473,0.1771,0.0000
Wolfpack,16ff70bb.qasm,16,12.115245,0.1533,0.0001
Wolfpack,16ff70bb.qasm,64,33.740868,0.1533,0.0000
Wolfpack,16ff70bb.qasm,512,157.179241,0.1533,0.0000
Wolfpack,17253376.qasm,16,12.343569,0.1386,0.0001
Wolfpack,17253376.qasm,64,34.640777,0.1386,0.0000
Wolfpack,17253376.qasm,512,161.442233,0.1386,0.0000
Wolfpack,173d4b8b.qasm,16,0.158489,0.0006,0.0000
Wolfpack,173d4b8b.qasm,64,0.158489,0.0006,0.0000
Wolfpack,173d4b8b.qasm,512,0.158489,0.0006,0.0000
Wolfpack,175f2997.qasm,16,10.780853,0.1015,0.0000
Wolfpack,175f2997.qasm,64,29.698770,0.1015,0.0000
Wolfpack,175f2997.qasm,512,136.941912,0.1015,0.0000
Wolfpack,17e5a14b.qasm,16,57.093005,3.5461,0.0001
Wolfpack,17e5a14b.qasm,64,161.454317,3.5461,0.0001
Wolfpack,17e5a14b.qasm,512,767.984641,3.5461,0.0000
Wolfpack,195099c8.qasm,16,6.708576,0.0552,0.0000
Wolfpack,195099c8.qasm,64,14.678341,0.0552,0.0000
Wolfpack,195099c8.qasm,512,14.678341,0.0552,0.0000
Wolfpack,19550378.qasm,16,10.331193,0.0209,0.0000
Wolfpack,19550378.qasm,64,10.331193,0.0209,0.0000
Wolfpack,19550378.qasm,512,10.331193,0.0209,0.0000
Wolfpack,1959a985.qasm,16,11.871644,0.0473,0.0000
Wolfpack,1959a985.qasm,64,33.474950,0.0473,0.0000
Wolfpack,1959a985.qasm,512,154.322072,0.0473,0.0000
Wolfpack,19d587f3.qasm,16,1.784976,0.0052,0.0000
Wolfpack,19d587f3.qasm,64,1.784976,0.0052,0.0000
Wolfpack,19d587f3.qasm,512,1.784976,0.0052,0.0000
Wolfpack,1a554de5.qasm,16,9.304023,0.0073,0.0000
Wolfpack,1a554de5.qasm,64,26.124951,0.0073,0.0000
Wolfpack,1a554de5.qasm,512,122.132928,0.0073,0.0000
Wolfpack,1aa22822.qasm,16,38.887336,0.9318,0.0001
Wolfpack,1aa22822.qasm,64,109.953834,0.9318,0.0000
Wolfpack,1aa22822.qasm,512,522.912403,0.9318,0.0000
Wolfpack,1af5b336.qasm,16,8.583117,0.0517,0.0000
Wolfpack,1af5b336.qasm,64,22.627631,0.0517,0.0000
Wolfpack,1af5b336.qasm,512,95.052845,0.0517,0.0000
Wolfpack,1b91945f.qasm,16,7.458314,0.0424,0.0000
Wolfpack,1b91945f.qasm,64,19.458748,0.0424,0.0000
Wolfpack,1b91945f.qasm,512,46.829728,0.0424,0.0000
Wolfpack,1cb3c32c.qasm,16,15.250261,0.1738,0.0001
Wolfpack,1cb3c32c.qasm,64,42.971009,0.1738,0.0000
Wolfpack,1cb3c32c.qasm,512,197.699689,0.1738,0.0000
Wolfpack,1d1dc1d8.qasm,16,12.147660,0.1539,0.0001
Wolfpack,1d1dc1d8.qasm,64,33.843283,0.1539,0.0000
Wolfpack,1d1dc1d8.qasm,512,157.746299,0.1539,0.0000
Wolfpack,1d4b1889.qasm,16,6.896948,0.0293,0.0000
Wolfpack,1d4b1889.qasm,64,16.625384,0.0293,0.0000
Wolfpack,1d4b1889.qasm,512,16.625384,0.0293,0.0000
Wolfpack,1db5f683.qasm,16,12.013484,0.1442,0.0001
Wolfpack,1db5f683.qasm,64,33.447961,0.1442,0.0000
Wolfpack,1db5f683.qasm,512,155.761314,0.1442,0.0000
Wolfpack,1f1383d7.qasm,16,20.247714,0.0211,0.0001
Wolfpack,1f1383d7.qasm,64,57.237233,0.0211,0.0000
Wolfpack,1f1383d7.qasm,512,271.993503,0.0211,0.0000
Wolfpack,1fd34b96.qasm,16,14.055887,0.2064,0.0000
Wolfpack,1fd34b96.qasm,64,39.471948,0.2064,0.0000
Wolfpack,1fd34b96.qasm,512,184.181773,0.2064,0.0000
Wolfpack,20448412.qasm,16,1.065273,0.1421,0.0000
Wolfpack,20448412.qasm,64,1.065273,0.1421,0.0000
Wolfpack,20448412.qasm,512,1.065273,0.1421,0.0000
Wolfpack,2059c310.qasm,16,8.039629,0.0028,0.0000
Wolfpack,2059c310.qasm,64,22.615493,0.0028,0.0000
Wolfpack,2059c310.qasm,512,106.387454,0.0028,0.0000
Wolfpack,2078a631.qasm,16,13.193660,0.1683,0.0001
Wolfpack,2078a631.qasm,64,37.023063,0.1683,0.0000
Wolfpack,2078a631.qasm,512,172.480801,0.1683,0.0000
Wolfpack,208334f1.qasm,16,17.738908,0.0168,0.0001
Wolfpack,208334f1.qasm,64,50.131256,0.0168,0.0001
Wolfpack,208334f1.qasm,512,238.165459,0.0168,0.0001
Wolfpack,2190b5a7.qasm,16,2.864590,0.0006,0.0000
Wolfpack,2190b5a7.qasm,64,2.864590,0.0006,0.0000
Wolfpack,2190b5a7.qasm,512,2.864590,0.0006,0.0000
Wolfpack,231bbda3.qasm,16,18.433869,0.0330,0.0001
Wolfpack,231bbda3.qasm,64,52.121826,0.0330,0.0000
Wolfpack,231bbda3.qasm,512,247.673444,0.0330,0.0000
Wolfpack,235dda60.qasm,16,13.193660,0.1670,0.0001
Wolfpack,235dda60.qasm,64,37.023063,0.1670,0.0000
Wolfpack,235dda60.qasm,512,172.480801,0.1670,0.0000
Wolfpack,24ca3082.qasm,16,161.586169,34.0628,0.0001
Wolfpack,24ca3082.qasm,64,457.033804,34.0628,0.0001
Wolfpack,24ca3082.qasm,512,2174.017889,34.0628,0.0001
Wolfpack,25e26219.qasm,16,9.449496,0.0134,0.0000
Wolfpack,25e26219.qasm,64,26.662008,0.0134,0.0000
Wolfpack,25e26219.qasm,512,121.772436,0.0134,0.0000
Wolfpack,25e5b703.qasm,16,2.001943,0.0032,0.0000
Wolfpack,25e5b703.qasm,64,2.001943,0.0032,0.0000
Wolfpack,25e5b703.qasm,512,2.001943,0.0032,0.0000
Wolfpack,264ca70e.qasm,16,11.476010,0.1212,0.0001
Wolfpack,264ca70e.qasm,64,32.010890,0.1212,0.0000
Wolfpack,264ca70e.qasm,512,147.065924,0.1212,0.0000
Wolfpack,27a012bc.qasm,16,7.062572,0.0291,0.0000
Wolfpack,27a012bc.qasm,64,16.971173,0.0291,0.0000
Wolfpack,27a012bc.qasm,512,16.971173,0.0291,0.0000
Wolfpack,27dbf314.qasm,16,73.204289,6.0300,0.0001
Wolfpack,27dbf314.qasm,64,206.963864,6.0300,0.0000
Wolfpack,27dbf314.qasm,512,983.070572,6.0300,0.0000
Wolfpack,27e0ec8e.qasm,16,10.062077,0.0029,0.0000
Wolfpack,27e0ec8e.qasm,64,28.390514,0.0029,0.0000
Wolfpack,27e0ec8e.qasm,512,134.451758,0.0029,0.0000
Wolfpack,2818a462.qasm,16,7.081677,0.0014,0.0000
Wolfpack,2818a462.qasm,64,19.847172,0.0014,0.0000
Wolfpack,2818a462.qasm,512,91.896220,0.0014,0.0000
Wolfpack,28f914b0.qasm,16,6.565964,0.0022,0.0000
Wolfpack,28f914b0.qasm,64,18.183311,0.0022,0.0000
Wolfpack,28f914b0.qasm,512,49.162479,0.0022,0.0000
Wolfpack,29886bb3.qasm,16,8.583117,0.0492,0.0000
Wolfpack,29886bb3.qasm,64,22.627631,0.0492,0.0000
Wolfpack,29886bb3.qasm,512,95.052845,0.0492,0.0001
Wolfpack,29a887f9.qasm,16,11.273979,0.0137,0.0000
Wolfpack,29a887f9.qasm,64,31.815980,0.0137,0.0000
Wolfpack,29a887f9.qasm,512,146.013375,0.0137,0.0000
Wolfpack,2a04dd73.qasm,16,72.315171,6.0557,0.0001
Wolfpack,2a04dd73.qasm,64,204.468409,6.0557,0.0000
Wolfpack,2a04dd73.qasm,512,971.746717,6.0557,0.0000
Wolfpack,2a0e53ef.qasm,16,10.936444,0.0078,0.0001
Wolfpack,2a0e53ef.qasm,64,30.796793,0.0078,0.0001
Wolfpack,2a0e53ef.qasm,512,144.876754,0.0078,0.0000
Wolfpack,2a48defb.qasm,16,0.158489,0.0019,0.0000
Wolfpack,2a48defb.qasm,64,0.158489,0.0019,0.0000
Wolfpack,2a48defb.qasm,512,0.158489,0.0019,0.0000
Wolfpack,2af6859b.qasm,16,11.785910,0.1349,0.0001
Wolfpack,2af6859b.qasm,64,32.772228,0.1349,0.0000
Wolfpack,2af6859b.qasm,512,152.465086,0.1349,0.0000
Wolfpack,2afe3d2e.qasm,16,51.462506,2.1967,0.0001
Wolfpack,2afe3d2e.qasm,64,145.557322,2.1967,0.0000
Wolfpack,2afe3d2e.qasm,512,692.386265,2.1967,0.0000
Wolfpack,2b148d98.qasm,16,12.343569,0.1350,0.0001
Wolfpack,2b148d98.qasm,64,34.640777,0.1350,0.0000
Wolfpack,2b148d98.qasm,512,161.442233,0.1350,0.0000
Wolfpack,2b2951ed.qasm,16,12.013484,0.1448,0.0000
Wolfpack,2b2951ed.qasm,64,33.447961,0.1448,0.0000
Wolfpack,2b2951ed.qasm,512,155.761314,0.1448,0.0000
Wolfpack,2bc3295c.qasm,16,9.715867,0.0089,0.0000
Wolfpack,2bc3295c.qasm,64,27.368370,0.0089,0.0000
Wolfpack,2bc3295c.qasm,512,127.517701,0.0089,0.0000
Wolfpack,2cbfff1b.qasm,16,11.050314,0.1084,0.0000
Wolfpack,2cbfff1b.qasm,64,30.588830,0.1084,0.0000
Wolfpack,2cbfff1b.qasm,512,141.250436,0.1084,0.0000
Wolfpack,2cedce95.qasm,16,12.147660,0.1440,0.0001
Wolfpack,2cedce95.qasm,64,33.843283,0.1440,0.0000
Wolfpack,2cedce95.qasm,512,157.746299,0.1440,0.0000
Wolfpack,2d399444.qasm,16,0.838914,0.0003,0.0000
Wolfpack,2d399444.qasm,64,0.838914,0.0003,0.0000
Wolfpack,2d399444.qasm,512,0.838914,0.0003,0.0000
Wolfpack,2ea1bf91.qasm,16,16.051431,0.0537,0.0001
Wolfpack,2ea1bf91.qasm,64,45.247961,0.0537,0.0000
Wolfpack,2ea1bf91.qasm,512,212.440992,0.0537,0.0000
Wolfpack,3026aed7.qasm,16,14.055887,0.2037,0.0001
Wolfpack,3026aed7.qasm,64,39.471948,0.2037,0.0000
Wolfpack,3026aed7.qasm,512,184.181773,0.2037,0.0000
Wolfpack,306ac152.qasm,16,2.597548,0.0243,0.0000
Wolfpack,306ac152.qasm,64,2.597548,0.0243,0.0000
Wolfpack,306ac152.qasm,512,2.597548,0.0243,0.0000
Wolfpack,3099a023.qasm,16,0.679059,0.0024,0.0000
Wolfpack,3099a023.qasm,64,0.679059,0.0024,0.0000
Wolfpack,3099a023.qasm,512,0.679059,0.0024,0.0000
Wolfpack,31b8fb3c.qasm,16,18.433651,0.0339,0.0000
Wolfpack,31b8fb3c.qasm,64,52.121242,0.0339,0.0000
Wolfpack,31b8fb3c.qasm,512,247.670657,0.0339,0.0000
Wolfpack,31fd025e.qasm,16,11.050314,0.1098,0.0001
Wolfpack,31fd025e.qasm,64,30.588830,0.1098,0.0000
Wolfpack,31fd025e.qasm,512,141.250436,0.1098,0.0000
Wolfpack,320de9fb.qasm,16,33.865757,1.0533,0.0001
Wolfpack,320de9fb.qasm,64,95.777642,1.0533,0.0001
Wolfpack,320de9fb.qasm,512,455.478356,1.0533,0.0001
Wolfpack,32de9cc1.qasm,16,8.583117,0.0519,0.0000
Wolfpack,32de9cc1.qasm,64,22.627631,0.0519,0.0000
Wolfpack,32de9cc1.qasm,512,95.052845,0.0519,0.0000
Wolfpack,32f44532.qasm,16,17.641227,0.1615,0.0001
Wolfpack,32f44532.qasm,64,49.781681,0.1615,0.0000
Wolfpack,32f44532.qasm,512,232.510471,0.1615,0.0000
Wolfpack,336f664c.qasm,16,13.991621,0.0086,0.0001
Wolfpack,336f664c.qasm,64,39.472743,0.0086,0.0000
Wolfpack,336f664c.qasm,512,187.412188,0.0086,0.0000
Wolfpack,33a2f9be.qasm,16,9.623637,0.0725,0.0001
Wolfpack,33a2f9be.qasm,64,26.464484,0.0725,0.0000
Wolfpack,33a2f9be.qasm,512,118.657199,0.0725,0.0000
Wolfpack,33c62fb8.qasm,16,51.923479,0.9157,0.0001
Wolfpack,33c62fb8.qasm,64,146.861016,0.9157,0.0001
Wolfpack,33c62fb8.qasm,512,698.581004,0.9157,0.0001
Wolfpack,3436484d.qasm,16,10.270783,0.0942,0.0001
Wolfpack,3436484d.qasm,64,28.066304,0.0942,0.0000
Wolfpack,3436484d.qasm,512,128.550553,0.0942,0.0000
Wolfpack,36d0ea8f.qasm,16,10.062077,0.0028,0.0000
Wolfpack,36d0ea8f.qasm,64,28.390514,0.0028,0.0000
Wolfpack,36d0ea8f.qasm,512,134.451758,0.0028,0.0000
Wolfpack,36e23777.qasm,16,10.859109,0.1086,0.0000
Wolfpack,36e23777.qasm,64,29.928810,0.1086,0.0000
Wolfpack,36e23777.qasm,512,138.069130,0.1086,0.0000
Wolfpack,371eea68.qasm,16,6.759278,0.0014,0.0000
Wolfpack,371eea68.qasm,64,18.898080,0.0014,0.0000
Wolfpack,371eea68.qasm,512,88.848021,0.0014,0.0000
Wolfpack,376d7d92.qasm,16,1.292642,0.0041,0.0000
Wolfpack,376d7d92.qasm,64,1.292642,0.0041,0.0000
Wolfpack,376d7d92.qasm,512,1.292642,0.0041,0.0000
Wolfpack,37bd268c.qasm,16,11.901094,0.0057,0.0001
Wolfpack,37bd268c.qasm,64,33.380378,0.0057,0.0001
Wolfpack,37bd268c.qasm,512,156.713828,0.0057,0.0001
Wolfpack,3814b0b9.qasm,16,30.371013,0.7462,0.0001
Wolfpack,3814b0b9.qasm,64,85.802770,0.7462,0.0000
Wolfpack,3814b0b9.qasm,512,406.242671,0.7462,0.0000
Wolfpack,383bbcad.qasm,16,0.884262,0.0009,0.0000
Wolfpack,383bbcad.qasm,64,0.884262,0.0009,0.0000
Wolfpack,383bbcad.qasm,512,0.884262,0.0009,0.0000
Wolfpack,3841ff5b.qasm,16,12.558253,0.1582,0.0000
Wolfpack,3841ff5b.qasm,64,35.236443,0.1582,0.0000
Wolfpack,3841ff5b.qasm,512,164.234659,0.1582,0.0000
Wolfpack,385fa1b6.qasm,16,0.158489,0.0069,0.0000
Wolfpack,385fa1b6.qasm,64,0.158489,0.0069,0.0000
Wolfpack,385fa1b6.qasm,512,0.158489,0.0069,0.0000
Wolfpack,386534f5.qasm,16,11.613236,0.1288,0.0000
Wolfpack,386534f5.qasm,64,32.395843,0.1288,0.0000
Wolfpack,386534f5.qasm,512,149.305310,0.1288,0.0000
Wolfpack,3a8d3e53.qasm,16,28.033966,0.1048,0.0001
Wolfpack,3a8d3e53.qasm,64,79.288995,0.1048,0.0000
Wolfpack,3a8d3e53.qasm,512,377.142919,0.1048,0.0000
Wolfpack,3be98d6c.qasm,16,10.932048,0.0078,0.0001
Wolfpack,3be98d6c.qasm,64,30.841094,0.0078,0.0000
Wolfpack,3be98d6c.qasm,512,145.917920,0.0078,0.0000
Wolfpack,3c1f4948.qasm,16,5.763537,0.0020,0.0000
Wolfpack,3c1f4948.qasm,64,5.763537,0.0020,0.0000
Wolfpack,3c1f4948.qasm,512,5.763537,0.0020,0.0000
Wolfpack,3c2f55c1.qasm,16,28.847007,0.2752,0.0001
Wolfpack,3c2f55c1.qasm,64,81.588861,0.2752,0.0000
Wolfpack,3c2f55c1.qasm,512,388.081554,0.2752,0.0000
Wolfpack,3c890561.qasm,16,18.412900,0.0308,0.0000
Wolfpack,3c890561.qasm,64,52.030654,0.0308,0.0000
Wolfpack,3c890561.qasm,512,247.030984,0.0308,0.0000
Wolfpack,3ccd19ee.qasm,16,12.147660,0.1225,0.0001
Wolfpack,3ccd19ee.qasm,64,33.843283,0.1225,0.0000
Wolfpack,3ccd19ee.qasm,512,157.746299,0.1225,0.0000
Wolfpack,3db115f1.qasm,16,4.479924,0.0008,0.0000
Wolfpack,3db115f1.qasm,64,11.444503,0.0008,0.0000
Wolfpack,3db115f1.qasm,512,39.738519,0.0008,0.0000
Wolfpack,3e2fde05.qasm,16,11.219797,0.1068,0.0000
Wolfpack,3e2fde05.qasm,64,31.276346,0.1068,0.0000
Wolfpack,3e2fde05.qasm,512,143.862543,0.1068,0.0000
Wolfpack,3e730381.qasm,16,0.644230,0.0007,0.0000
Wolfpack,3e730381.qasm,64,0.644230,0.0007,0.0000
Wolfpack,3e730381.qasm,512,0.644230,0.0007,0.0000
Wolfpack,3eb6cff0.qasm,16,78.270941,8.5468,0.0001
Wolfpack,3eb6cff0.qasm,64,221.383162,8.5468,0.0000
Wolfpack,3eb6cff0.qasm,512,1053.077260,8.5468,0.0000
Wolfpack,3eca4614.qasm,16,11.613236,0.1333,0.0000
Wolfpack,3eca4614.qasm,64,32.395843,0.1333,0.0000
Wolfpack,3eca4614.qasm,512,149.305310,0.1333,0.0000
Wolfpack,3ee85ccf.qasm,16,8.711804,0.0561,0.0000
Wolfpack,3ee85ccf.qasm,64,22.988363,0.0561,0.0000
Wolfpack,3ee85ccf.qasm,512,97.430861,0.0561,0.0000
Wolfpack,3f072f57.qasm,16,9.623637,0.0752,0.0000
Wolfpack,3f072f57.qasm,64,26.464484,0.0752,0.0000
Wolfpack,3f072f57.qasm,512,118.657199,0.0752,0.0000
Wolfpack,3f858470.qasm,16,21.539039,0.1074,0.0001
Wolfpack,3f858470.qasm,64,60.901550,0.1074,0.0000
Wolfpack,3f858470.qasm,512,289.382882,0.1074,0.0000
Wolfpack,40b719e2.qasm,16,36.957617,1.7087,0.0001
Wolfpack,40b719e2.qasm,64,104.411638,1.7087,0.0000
Wolfpack,40b719e2.qasm,512,494.808610,1.7087,0.0000
Wolfpack,40e78b26.qasm,16,4.649228,0.0007,0.0000
Wolfpack,40e78b26.qasm,64,12.952535,0.0007,0.0000
Wolfpack,40e78b26.qasm,512,56.010336,0.0007,0.0000
Wolfpack,41bd27aa.qasm,16,9.019792,0.0043,0.0001
Wolfpack,41bd27aa.qasm,64,25.321246,0.0043,0.0000
Wolfpack,41bd27aa.qasm,512,118.319884,0.0043,0.0000
Wolfpack,42a256ea.qasm,16,11.503029,0.1151,0.0000
Wolfpack,42a256ea.qasm,64,32.200720,0.1151,0.0000
Wolfpack,42a256ea.qasm,512,147.590610,0.1151,0.0000
Wolfpack,42a71e24.qasm,16,18.416070,0.0623,0.0001
Wolfpack,42a71e24.qasm,64,52.014026,0.0623,0.0000
Wolfpack,42a71e24.qasm,512,246.363214,0.0623,0.0000
Wolfpack,42fa6cae.qasm,16,12.427027,0.1500,0.0001
Wolfpack,42fa6cae.qasm,64,34.856045,0.1500,0.0000
Wolfpack,42fa6cae.qasm,512,162.308473,0.1500,0.0000
Wolfpack,43168c33.qasm,16,1.842489,0.0004,0.0000
Wolfpack,43168c33.qasm,64,1.842489,0.0004,0.0000
Wolfpack,43168c33.qasm,512,1.842489,0.0004,0.0000
Wolfpack,4318a3ef.qasm,16,11.050314,0.1110,0.0001
Wolfpack,4318a3ef.qasm,64,30.588830,0.1110,0.0000
Wolfpack,4318a3ef.qasm,512,141.250436,0.1110,0.0000
Wolfpack,4327c91d.qasm,16,12.343569,0.1316,0.0001
Wolfpack,4327c91d.qasm,64,34.640777,0.1316,0.0000
Wolfpack,4327c91d.qasm,512,161.442233,0.1316,0.0000
Wolfpack,432efc30.qasm,16,3.533653,0.0008,0.0000
Wolfpack,432efc30.qasm,64,3.533653,0.0008,0.0000
Wolfpack,432efc30.qasm,512,3.533653,0.0008,0.0000
Wolfpack,445caba2.qasm,16,3.708016,0.0008,0.0000
Wolfpack,445caba2.qasm,64,3.708016,0.0008,0.0000
Wolfpack,445caba2.qasm,512,3.708016,0.0008,0.0000
Wolfpack,448ebca1.qasm,16,5.113470,0.0024,0.0000
Wolfpack,448ebca1.qasm,64,5.113470,0.0024,0.0000
Wolfpack,448ebca1.qasm,512,5.113470,0.0024,0.0000
Wolfpack,46073cb3.qasm,16,81.902659,7.5190,0.0003
Wolfpack,46073cb3.qasm,64,231.655322,7.5190,0.0001
Wolfpack,46073cb3.qasm,512,1101.939149,7.5190,0.0001
Wolfpack,46188cf9.qasm,16,12.147660,0.1457,0.0001
Wolfpack,46188cf9.qasm,64,33.843283,0.1457,0.0000
Wolfpack,46188cf9.qasm,512,157.746299,0.1457,0.0000
Wolfpack,46de7f9b.qasm,16,12.339882,0.1145,0.0001
Wolfpack,46de7f9b.qasm,64,34.621881,0.1145,0.0000
Wolfpack,46de7f9b.qasm,512,151.110071,0.1145,0.0000
Wolfpack,4737100f.qasm,16,30.911466,0.2790,0.0001
Wolfpack,4737100f.qasm,64,87.411146,0.2790,0.0001
Wolfpack,4737100f.qasm,512,415.549713,0.2790,0.0001
Wolfpack,474aa01a.qasm,16,12.441341,0.1402,0.0001
Wolfpack,474aa01a.qasm,64,34.923780,0.1402,0.0000
Wolfpack,474aa01a.qasm,512,162.872197,0.1402,0.0000
Wolfpack,4846208f.qasm,16,4.332775,0.0010,0.0000
Wolfpack,4846208f.qasm,64,11.278653,0.0010,0.0000
Wolfpack,4846208f.qasm,512,17.605484,0.0010,0.0000
Wolfpack,4a262567.qasm,16,11.613236,0.1305,0.0001
Wolfpack,4a262567.qasm,64,32.395843,0.1305,0.0000
Wolfpack,4a262567.qasm,512,149.305310,0.1305,0.0000
Wolfpack,4a5eba47.qasm,16,1.545105,0.0076,0.0000
Wolfpack,4a5eba47.qasm,64,1.545105,0.0076,0.0000
Wolfpack,4a5eba47.qasm,512,1.545105,0.0076,0.0000
Wolfpack,4ae57e38.qasm,16,14.327348,0.0217,0.0000
Wolfpack,4ae57e38.qasm,64,40.428302,0.0217,0.0000
Wolfpack,4ae57e38.qasm,512,190.755933,0.0217,0.0000
Wolfpack,4cbdcf4f.qasm,16,9.491702,0.0691,0.0000
Wolfpack,4cbdcf4f.qasm,64,26.120752,0.0691,0.0000
Wolfpack,4cbdcf4f.qasm,512,111.232207,0.0691,0.0000
Wolfpack,4d59437e.qasm,16,67.373362,6.0471,0.0001
Wolfpack,4d59437e.qasm,64,190.355102,6.0471,0.0000
Wolfpack,4d59437e.qasm,512,903.325072,6.0471,0.0000
Wolfpack,4d78cdd5.qasm,16,0.475468,0.0003,0.0000
Wolfpack,4d78cdd5.qasm,64,0.475468,0.0003,0.0000
Wolfpack,4d78cdd5.qasm,512,0.475468,0.0003,0.0000
Wolfpack,4dc2ff13.qasm,16,0.525650,0.0013,0.0000
Wolfpack,4dc2ff13.qasm,64,0.525650,0.0013,0.0000
Wolfpack,4dc2ff13.qasm,512,0.525650,0.0013,0.0000
Wolfpack,4e8df7a8.qasm,16,124.851498,6.2853,0.0001
Wolfpack,4e8df7a8.qasm,64,353.100061,6.2853,0.0001
Wolfpack,4e8df7a8.qasm,512,1679.289294,6.2853,0.0001
Wolfpack,4f476879.qasm,16,9.720342,0.1037,0.0001
Wolfpack,4f476879.qasm,64,26.795762,0.1037,0.0000
Wolfpack,4f476879.qasm,512,120.133583,0.1037,0.0000
Wolfpack,4f48ab57.qasm,16,7.661564,0.0049,0.0000
Wolfpack,4f48ab57.qasm,64,21.244845,0.0049,0.0000
Wolfpack,4f48ab57.qasm,512,57.800038,0.0049,0.0000
Wolfpack,4f9a3ab1.qasm,16,7.050829,0.0016,0.0000
Wolfpack,4f9a3ab1.qasm,64,19.833618,0.0016,0.0000
Wolfpack,4f9a3ab1.qasm,512,93.398146,0.0016,0.0000
Wolfpack,4fd60583.qasm,16,57.093025,3.3108,0.0001
Wolfpack,4fd60583.qasm,64,161.454375,3.3108,0.0001
Wolfpack,4fd60583.qasm,512,767.984921,3.3108,0.0001
Wolfpack,4ffb1090.qasm,16,46.624024,1.3610,0.0001
Wolfpack,4ffb1090.qasm,64,131.871482,1.3610,0.0000
Wolfpack,4ffb1090.qasm,512,627.279249,1.3610,0.0000
Wolfpack,5050d142.qasm,16,6.247112,0.0017,0.0000
Wolfpack,5050d142.qasm,64,17.502397,0.0017,0.0000
Wolfpack,5050d142.qasm,512,81.580687,0.0017,0.0000
Wolfpack,51b16166.qasm,16,9.491702,0.0693,0.0000
Wolfpack,51b16166.qasm,64,26.120752,0.0693,0.0000
Wolfpack,51b16166.qasm,512,111.232207,0.0693,0.0000
Wolfpack,51b543de.qasm,16,14.137400,0.2295,0.0000
Wolfpack,51b543de.qasm,64,39.689625,0.2295,0.0000
Wolfpack,51b543de.qasm,512,185.128498,0.2295,0.0000
Wolfpack,52b00428.qasm,16,12.558253,0.1590,0.0001
Wolfpack,52b00428.qasm,64,35.236443,0.1590,0.0000
Wolfpack,52b00428.qasm,512,164.234659,0.1590,0.0000
Wolfpack,53442dc5.qasm,16,3.733227,0.0013,0.0000
Wolfpack,53442dc5.qasm,64,3.733227,0.0013,0.0000
Wolfpack,53442dc5.qasm,512,3.733227,0.0013,0.0000
Wolfpack,5357322a.qasm,16,9.834591,0.0286,0.0000
Wolfpack,5357322a.qasm,64,27.255938,0.0286,0.0000
Wolfpack,5357322a.qasm,512,115.604113,0.0286,0.0000
Wolfpack,5385a9e9.qasm,16,11.785910,0.1166,0.0000
Wolfpack,5385a9e9.qasm,64,32.772228,0.1166,0.0000
Wolfpack,5385a9e9.qasm,512,152.465086,0.1166,0.0000
Wolfpack,53e971c2.qasm,16,6.092569,0.0014,0.0000
Wolfpack,53e971c2.qasm,64,17.101634,0.0014,0.0000
Wolfpack,53e971c2.qasm,512,41.516284,0.0014,0.0000
Wolfpack,54c8f710.qasm,16,0.590730,0.0004,0.0000
Wolfpack,54c8f710.qasm,64,0.590730,0.0004,0.0000
Wolfpack,54c8f710.qasm,512,0.590730,0.0004,0.0000
Wolfpack,54f0b8c5.qasm,16,10.424376,0.0074,0.0000
Wolfpack,54f0b8c5.qasm,64,29.400983,0.0074,0.0000
Wolfpack,54f0b8c5.qasm,512,138.688000,0.0074,0.0000
Wolfpack,551cc6ea.qasm,16,12.017708,0.0248,0.0000
Wolfpack,551cc6ea.qasm,64,33.887569,0.0248,0.0000
Wolfpack,551cc6ea.qasm,512,156.335803,0.0248,0.0000
Wolfpack,568c1ef9.qasm,16,7.113154,0.0016,0.0001
Wolfpack,568c1ef9.qasm,64,20.012562,0.0016,0.0001
Wolfpack,568c1ef9.qasm,512,94.153098,0.0016,0.0000
Wolfpack,574915eb.qasm,16,8.291803,0.0042,0.0000
Wolfpack,574915eb.qasm,64,23.143479,0.0042,0.0000
Wolfpack,574915eb.qasm,512,106.615290,0.0042,0.0000
Wolfpack,577f5adb.qasm,16,10.578189,0.0039,0.0000
Wolfpack,577f5adb.qasm,64,29.828176,0.0039,0.0000
Wolfpack,577f5adb.qasm,512,141.033483,0.0039,0.0000
Wolfpack,587be285.qasm,16,10.859109,0.0927,0.0000
Wolfpack,587be285.qasm,64,29.928810,0.0927,0.0000
Wolfpack,587be285.qasm,512,138.069130,0.0927,0.0000
Wolfpack,588e0101.qasm,16,5.570459,0.0016,0.0000
Wolfpack,588e0101.qasm,64,15.376659,0.0016,0.0000
Wolfpack,588e0101.qasm,512,69.913671,0.0016,0.0000
Wolfpack,591d39f6.qasm,16,14.055887,0.2035,0.0001
Wolfpack,591d39f6.qasm,64,39.471948,0.2035,0.0000
Wolfpack,591d39f6.qasm,512,184.181773,0.2035,0.0000
Wolfpack,59267ce4.qasm,16,4.889527,0.0007,0.0000
Wolfpack,59267ce4.qasm,64,13.245810,0.0007,0.0000
Wolfpack,59267ce4.qasm,512,52.562192,0.0007,0.0000
Wolfpack,5a4964e2.qasm,16,14.137400,0.2356,0.0001
Wolfpack,5a4964e2.qasm,64,39.689625,0.2356,0.0000
Wolfpack,5a4964e2.qasm,512,185.128498,0.2356,0.0000
Wolfpack,5a741dbe.qasm,16,8.229946,0.0045,0.0000
Wolfpack,5a741dbe.qasm,64,23.238587,0.0045,0.0000
Wolfpack,5a741dbe.qasm,512,100.822851,0.0045,0.0000
Wolfpack,5a9f20b0.qasm,16,12.427027,0.1420,0.0001
Wolfpack,5a9f20b0.qasm,64,34.856045,0.1420,0.0000
Wolfpack,5a9f20b0.qasm,512,162.308473,0.1420,0.0000
Wolfpack,5b419375.qasm,16,11.434879,0.0088,0.0001
Wolfpack,5b419375.qasm,64,32.169828,0.0088,0.0001
Wolfpack,5b419375.qasm,512,151.304738,0.0088,0.0000
Wolfpack,5b482142.qasm,16,0.354393,0.0005,0.0000
Wolfpack,5b482142.qasm,64,0.354393,0.0005,0.0000
Wolfpack,5b482142.qasm,512,0.354393,0.0005,0.0000
Wolfpack,5b58ce32.qasm,16,0.584511,0.0012,0.0000
Wolfpack,5b58ce32.qasm,64,0.584511,0.0012,0.0000
Wolfpack,5b58ce32.qasm,512,0.584511,0.0012,0.0000
Wolfpack,5c176f37.qasm,16,9.431944,0.0155,0.0000
Wolfpack,5c176f37.qasm,64,26.576825,0.0155,0.0000
Wolfpack,5c176f37.qasm,512,120.415339,0.0155,0.0000
Wolfpack,5c2359c8.qasm,16,21.785455,0.0638,0.0000
Wolfpack,5c2359c8.qasm,64,61.599042,0.0638,0.0000
Wolfpack,5c2359c8.qasm,512,292.707256,0.0638,0.0000
Wolfpack,5cfcb9cd.qasm,16,0.158489,0.0534,0.0000
Wolfpack,5cfcb9cd.qasm,64,0.158489,0.0534,0.0000
Wolfpack,5cfcb9cd.qasm,512,0.158489,0.0534,0.0000
Wolfpack,5d14d092.qasm,16,11.730431,0.1298,0.0000
Wolfpack,5d14d092.qasm,64,32.734007,0.1298,0.0000
Wolfpack,5d14d092.qasm,512,151.367758,0.1298,0.0000
Wolfpack,5d2b11a2.qasm,16,12.441341,0.1324,0.0001
Wolfpack,5d2b11a2.qasm,64,34.923780,0.1324,0.0000
Wolfpack,5d2b11a2.qasm,512,162.872197,0.1324,0.0000
Wolfpack,5d565485.qasm,16,12.441341,0.1331,0.0001
Wolfpack,5d565485.qasm,64,34.923780,0.1331,0.0000
Wolfpack,5d565485.qasm,512,162.872197,0.1331,0.0000
Wolfpack,5da1db4b.qasm,16,11.476010,0.1223,0.0000
Wolfpack,5da1db4b.qasm,64,32.010890,0.1223,0.0000
Wolfpack,5da1db4b.qasm,512,147.065924,0.1223,0.0000
Wolfpack,5e3dc35d.qasm,16,3.135644,0.0005,0.0000
Wolfpack,5e3dc35d.qasm,64,3.135644,0.0005,0.0000
Wolfpack,5e3dc35d.qasm,512,3.135644,0.0005,0.0000
Wolfpack,5e4c8439.qasm,16,8.711804,0.0518,0.0000
Wolfpack,5e4c8439.qasm,64,22.988363,0.0518,0.0000
Wolfpack,5e4c8439.qasm,512,97.430861,0.0518,0.0000
Wolfpack,5e6b0a76.qasm,16,4.326509,0.0009,0.0000
Wolfpack,5e6b0a76.qasm,64,6.914712,0.0009,0.0000
Wolfpack,5e6b0a76.qasm,512,6.914712,0.0009,0.0000
Wolfpack,5eaee29f.qasm,16,7.580740,0.0035,0.0000
Wolfpack,5eaee29f.qasm,64,20.962436,0.0035,0.0000
Wolfpack,5eaee29f.qasm,512,56.391024,0.0035,0.0000
Wolfpack,5ed4dd47.qasm,16,1.848312,0.0004,0.0000
Wolfpack,5ed4dd47.qasm,64,1.848312,0.0004,0.0000
Wolfpack,5ed4dd47.qasm,512,1.848312,0.0004,0.0000
Wolfpack,5ee9c404.qasm,16,6.468635,0.0024,0.0000
Wolfpack,5ee9c404.qasm,64,17.798146,0.0024,0.0000
Wolfpack,5ee9c404.qasm,512,47.796653,0.0024,0.0000
Wolfpack,5ef5ff7c.qasm,16,12.427027,0.1462,0.0001
Wolfpack,5ef5ff7c.qasm,64,34.856045,0.1462,0.0000
Wolfpack,5ef5ff7c.qasm,512,162.308473,0.1462,0.0000
Wolfpack,5f0ad979.qasm,16,11.219797,0.1145,0.0001
Wolfpack,5f0ad979.qasm,64,31.276346,0.1145,0.0000
Wolfpack,5f0ad979.qasm,512,143.862543,0.1145,0.0000
Wolfpack,5f39af5c.qasm,16,0.525650,0.0027,0.0000
Wolfpack,5f39af5c.qasm,64,0.525650,0.0027,0.0000
Wolfpack,5f39af5c.qasm,512,0.525650,0.0027,0.0000
Wolfpack,5f6a8a9b.qasm,16,4.414593,0.0015,0.0000
Wolfpack,5f6a8a9b.qasm,64,4.414593,0.0015,0.0000
Wolfpack,5f6a8a9b.qasm,512,4.414593,0.0015,0.0000
Wolfpack,5f79d6db.qasm,16,11.219797,0.1115,0.0000
Wolfpack,5f79d6db.qasm,64,31.276346,0.1115,0.0000
Wolfpack,5f79d6db.qasm,512,143.862543,0.1115,0.0000
Wolfpack,613afa2d.qasm,16,9.623637,0.0785,0.0000
Wolfpack,613afa2d.qasm,64,26.464484,0.0785,0.0000
Wolfpack,613afa2d.qasm,512,118.657199,0.0785,0.0000
Wolfpack,622c4417.qasm,16,12.427027,0.1478,0.0000
Wolfpack,622c4417.qasm,64,34.856045,0.1478,0.0000
Wolfpack,622c4417.qasm,512,162.308473,0.1478,0.0000
Wolfpack,635bd24f.qasm,16,17.641227,0.1707,0.0001
Wolfpack,635bd24f.qasm,64,49.781681,0.1707,0.0000
Wolfpack,635bd24f.qasm,512,232.510471,0.1707,0.0000
Wolfpack,637811d8.qasm,16,12.013484,0.1425,0.0000
Wolfpack,637811d8.qasm,64,33.447961,0.1425,0.0000
Wolfpack,637811d8.qasm,512,155.761314,0.1425,0.0000
Wolfpack,63aaa50d.qasm,16,11.009699,0.0081,0.0000
Wolfpack,63aaa50d.qasm,64,31.060093,0.0081,0.0000
Wolfpack,63aaa50d.qasm,512,146.499733,0.0081,0.0000
Wolfpack,64273f69.qasm,16,10.859109,0.1047,0.0000
Wolfpack,64273f69.qasm,64,29.928810,0.1047,0.0000
Wolfpack,64273f69.qasm,512,138.069130,0.1047,0.0000
Wolfpack,6457f235.qasm,16,4.959744,0.0017,0.0000
Wolfpack,6457f235.qasm,64,13.339878,0.0017,0.0000
Wolfpack,6457f235.qasm,512,58.889205,0.0017,0.0000
Wolfpack,64731b8d.qasm,16,12.339895,0.1374,0.0001
Wolfpack,64731b8d.qasm,64,34.409384,0.1374,0.0000
Wolfpack,64731b8d.qasm,512,160.587290,0.1374,0.0000
Wolfpack,64f32748.qasm,16,12.013484,0.1357,0.0001
Wolfpack,64f32748.qasm,64,33.447961,0.1357,0.0000
Wolfpack,64f32748.qasm,512,155.761314,0.1357,0.0000
Wolfpack,6533abd6.qasm,16,68.235438,2.4994,0.0001
Wolfpack,6533abd6.qasm,64,192.998081,2.4994,0.0001
Wolfpack,6533abd6.qasm,512,918.044649,2.4994,0.0001
Wolfpack,65dcd512.qasm,16,11.010695,0.0083,0.0000
Wolfpack,65dcd512.qasm,64,31.062853,0.0083,0.0000
Wolfpack,65dcd512.qasm,512,146.513198,0.0083,0.0000
Wolfpack,661be484.qasm,16,48.961835,5.2389,0.0001
Wolfpack,661be484.qasm,64,138.352423,5.2389,0.0000
Wolfpack,661be484.qasm,512,655.989112,5.2389,0.0000
Wolfpack,66343f14.qasm,16,1.187630,0.0003,0.0000
Wolfpack,66343f14.qasm,64,1.187630,0.0003,0.0000
Wolfpack,66343f14.qasm,512,1.187630,0.0003,0.0000
Wolfpack,6694b099.qasm,16,0.751316,0.0229,0.0000
Wolfpack,6694b099.qasm,64,0.751316,0.0229,0.0000
Wolfpack,6694b099.qasm,512,0.751316,0.0229,0.0000
Wolfpack,67346cae.qasm,16,1.741952,0.0005,0.0000
Wolfpack,67346cae.qasm,64,1.741952,0.0005,0.0000
Wolfpack,67346cae.qasm,512,1.741952,0.0005,0.0000
Wolfpack,6740a375.qasm,16,1.064227,0.0045,0.0000
Wolfpack,6740a375.qasm,64,1.064227,0.0045,0.0000
Wolfpack,6740a375.qasm,512,1.064227,0.0045,0.0000
Wolfpack,6785591a.qasm,16,1.026691,0.0019,0.0000
Wolfpack,6785591a.qasm,64,1.026691,0.0019,0.0000
Wolfpack,6785591a.qasm,512,1.026691,0.0019,0.0000
Wolfpack,67b5fe45.qasm,16,52.358252,2.7998,0.0001
Wolfpack,67b5fe45.qasm,64,148.017172,2.7998,0.0000
Wolfpack,67b5fe45.qasm,512,703.175157,2.7998,0.0000
Wolfpack,67f3547d.qasm,16,0.754274,0.0009,0.0000
Wolfpack,67f3547d.qasm,64,0.754274,0.0009,0.0000
Wolfpack,67f3547d.qasm,512,0.754274,0.0009,0.0000
Wolfpack,68528bdf.qasm,16,5.994685,0.0014,0.0000
Wolfpack,68528bdf.qasm,64,16.415050,0.0014,0.0000
Wolfpack,68528bdf.qasm,512,42.491928,0.0014,0.0000
Wolfpack,699bd83c.qasm,16,51.920984,1.3575,0.0001
Wolfpack,699bd83c.qasm,64,146.848896,1.3575,0.0001
Wolfpack,699bd83c.qasm,512,698.470370,1.3575,0.0001
Wolfpack,69c7223c.qasm,16,7.933137,0.0075,0.0001
Wolfpack,69c7223c.qasm,64,22.357348,0.0075,0.0000
Wolfpack,69c7223c.qasm,512,99.036758,0.0075,0.0000
Wolfpack,69c8191e.qasm,16,14.288983,0.0070,0.0001
Wolfpack,69c8191e.qasm,64,40.368908,0.0070,0.0000
Wolfpack,69c8191e.qasm,512,191.629075,0.0070,0.0000
Wolfpack,69cf1b12.qasm,16,11.730431,0.1355,0.0001
Wolfpack,69cf1b12.qasm,64,32.734007,0.1355,0.0000
Wolfpack,69cf1b12.qasm,512,151.367758,0.1355,0.0000
Wolfpack,69e799fa.qasm,16,11.503029,0.1293,0.0001
Wolfpack,69e799fa.qasm,64,32.200720,0.1293,0.0000
Wolfpack,69e799fa.qasm,512,147.590610,0.1293,0.0000
Wolfpack,6a5034af.qasm,16,43.340276,0.8287,0.0001
Wolfpack,6a5034af.qasm,64,122.582352,0.8287,0.0001
Wolfpack,6a5034af.qasm,512,583.064609,0.8287,0.0001
Wolfpack,6bc3891b.qasm,16,2.307036,0.0013,0.0000
Wolfpack,6bc3891b.qasm,64,2.307036,0.0013,0.0000
Wolfpack,6bc3891b.qasm,512,2.307036,0.0013,0.0000
Wolfpack,6c69bcc7.qasm,16,11.931412,0.1420,0.0001
Wolfpack,6c69bcc7.qasm,64,33.195768,0.1420,0.0000
Wolfpack,6c69bcc7.qasm,512,153.635402,0.1420,0.0000
Wolfpack,6c848dc7.qasm,16,4.697080,0.0016,0.0000
Wolfpack,6c848dc7.qasm,64,4.697080,0.0016,0.0000
Wolfpack,6c848dc7.qasm,512,4.697080,0.0016,0.0000
Wolfpack,6d2833ea.qasm,16,11.730431,0.1342,0.0001
Wolfpack,6d2833ea.qasm,64,32.734007,0.1342,0.0000
Wolfpack,6d2833ea.qasm,512,151.367758,0.1342,0.0000
Wolfpack,6da6ce61.qasm,16,13.861335,0.1952,0.0001
Wolfpack,6da6ce61.qasm,64,38.909356,0.1952,0.0000
Wolfpack,6da6ce61.qasm,512,181.341551,0.1952,0.0000
Wolfpack,6de17b5a.qasm,16,15.294891,0.0255,0.0001
Wolfpack,6de17b5a.qasm,64,43.210179,0.0255,0.0000
Wolfpack,6de17b5a.qasm,512,205.155113,0.0255,0.0000
Wolfpack,6ee18f92.qasm,16,4.822055,0.0011,0.0000
Wolfpack,6ee18f92.qasm,64,13.405010,0.0011,0.0000
Wolfpack,6ee18f92.qasm,512,61.234889,0.0011,0.0000
Wolfpack,6f16ddc6.qasm,16,3.730241,0.0007,0.0000
Wolfpack,6f16ddc6.qasm,64,6.142735,0.0007,0.0000
Wolfpack,6f16ddc6.qasm,512,6.142735,0.0007,0.0000
Wolfpack,6f6328cc.qasm,16,12.339882,0.1111,0.0000
Wolfpack,6f6328cc.qasm,64,34.621881,0.1111,0.0000
Wolfpack,6f6328cc.qasm,512,151.110071,0.1111,0.0000
Wolfpack,6fef948c.qasm,16,18.837068,0.2703,0.0000
Wolfpack,6fef948c.qasm,64,50.364663,0.2703,0.0000
Wolfpack,6fef948c.qasm,512,225.187257,0.2703,0.0000
Wolfpack,700c376b.qasm,16,12.147660,0.1433,0.0001
Wolfpack,700c376b.qasm,64,33.843283,0.1433,0.0000
Wolfpack,700c376b.qasm,512,157.746299,0.1433,0.0000
Wolfpack,7063be19.qasm,16,12.558253,0.1602,0.0001
Wolfpack,7063be19.qasm,64,35.236443,0.1602,0.0000
Wolfpack,7063be19.qasm,512,164.234659,0.1602,0.0000
Wolfpack,70d5d461.qasm,16,14.214341,0.0352,0.0001
Wolfpack,70d5d461.qasm,64,40.168551,0.0352,0.0000
Wolfpack,70d5d461.qasm,512,188.135164,0.0352,0.0000
Wolfpack,711cdd0b.qasm,16,10.780853,0.1033,0.0001
Wolfpack,711cdd0b.qasm,64,29.698770,0.1033,0.0000
Wolfpack,711cdd0b.qasm,512,136.941912,0.1033,0.0000
Wolfpack,72b5f996.qasm,16,8.296368,0.0028,0.0001
Wolfpack,72b5f996.qasm,64,23.044917,0.0028,0.0000
Wolfpack,72b5f996.qasm,512,106.395303,0.0028,0.0000
Wolfpack,72cc2f13.qasm,16,27.401948,0.4390,0.0001
Wolfpack,72cc2f13.qasm,64,77.482859,0.4390,0.0000
Wolfpack,72cc2f13.qasm,512,367.659786,0.4390,0.0000
Wolfpack,72d8892d.qasm,16,7.630084,0.0025,0.0000
Wolfpack,72d8892d.qasm,64,21.436052,0.0025,0.0000
Wolfpack,72d8892d.qasm,512,100.415243,0.0025,0.0000
Wolfpack,73191d24.qasm,16,5.990433,0.0018,0.0000
Wolfpack,73191d24.qasm,64,16.648081,0.0018,0.0000
Wolfpack,73191d24.qasm,512,27.765926,0.0018,0.0000
Wolfpack,7337baba.qasm,16,0.274512,0.0002,0.0000
Wolfpack,7337baba.qasm,64,0.274512,0.0002,0.0000
Wolfpack,7337baba.qasm,512,0.274512,0.0002,0.0000
Wolfpack,733f4518.qasm,16,42.435725,3.1826,0.0001
Wolfpack,733f4518.qasm,64,119.956945,3.1826,0.0000
Wolfpack,733f4518.qasm,512,569.470166,3.1826,0.0000
Wolfpack,73f498a0.qasm,16,6.376105,0.0045,0.0000
Wolfpack,73f498a0.qasm,64,16.363659,0.0045,0.0000
Wolfpack,73f498a0.qasm,512,25.512808,0.0045,0.0000
Wolfpack,742bfb51.qasm,16,90.781496,6.2037,0.0001
Wolfpack,742bfb51.qasm,64,256.684474,6.2037,0.0000
Wolfpack,742bfb51.qasm,512,1220.120425,6.2037,0.0000
Wolfpack,749ea355.qasm,16,16.945976,0.0160,0.0001
Wolfpack,749ea355.qasm,64,47.737045,0.0160,0.0001
Wolfpack,749ea355.qasm,512,225.675366,0.0160,0.0001
Wolfpack,7513561e.qasm,16,12.441341,0.1344,0.0001
Wolfpack,7513561e.qasm,64,34.923780,0.1344,0.0000
Wolfpack,7513561e.qasm,512,162.872197,0.1344,0.0000
Wolfpack,75137edd.qasm,16,12.922425,0.0150,0.0000
Wolfpack,75137edd.qasm,64,36.456242,0.0150,0.0000
Wolfpack,75137edd.qasm,512,171.909178,0.0150,0.0000
Wolfpack,751d7ced.qasm,16,12.280821,0.1497,0.0001
Wolfpack,751d7ced.qasm,64,34.228754,0.1497,0.0000
Wolfpack,751d7ced.qasm,512,159.630068,0.1497,0.0000
Wolfpack,752a65aa.qasm,16,11.503029,0.1150,0.0000
Wolfpack,752a65aa.qasm,64,32.200720,0.1150,0.0000
Wolfpack,752a65aa.qasm,512,147.590610,0.1150,0.0000
Wolfpack,7548d858.qasm,16,7.594133,0.0395,0.0000
Wolfpack,7548d858.qasm,64,19.920136,0.0395,0.0000
Wolfpack,7548d858.qasm,512,47.940025,0.0395,0.0000
Wolfpack,758554e0.qasm,16,43.021858,2.3648,0.0000
Wolfpack,758554e0.qasm,64,117.626154,2.3648,0.0000
Wolfpack,758554e0.qasm,512,305.615985,2.3648,0.0000
Wolfpack,75bd5cbf.qasm,16,7.099479,0.0044,0.0000
Wolfpack,75bd5cbf.qasm,64,19.717718,0.0044,0.0000
Wolfpack,75bd5cbf.qasm,512,88.351268,0.0044,0.0000
Wolfpack,76034335.qasm,16,3.694427,0.0006,0.0000
Wolfpack,76034335.qasm,64,8.765323,0.0006,0.0000
Wolfpack,76034335.qasm,512,8.765323,0.0006,0.0000
Wolfpack,76d0b692.qasm,16,38.888083,0.8880,0.0001
Wolfpack,76d0b692.qasm,64,109.955976,0.8880,0.0000
Wolfpack,76d0b692.qasm,512,522.922765,0.8880,0.0001
Wolfpack,77a3a480.qasm,16,11.198438,0.1121,0.0001
Wolfpack,77a3a480.qasm,64,31.190751,0.1121,0.0000
Wolfpack,77a3a480.qasm,512,142.577845,0.1121,0.0000
Wolfpack,78adf5c7.qasm,16,12.091061,0.0097,0.0001
Wolfpack,78adf5c7.qasm,64,34.080285,0.0097,0.0001
Wolfpack,78adf5c7.qasm,512,160.954537,0.0097,0.0001
Wolfpack,78f96e37.qasm,16,10.270783,0.0874,0.0000
Wolfpack,78f96e37.qasm,64,28.066304,0.0874,0.0000
Wolfpack,78f96e37.qasm,512,128.550553,0.0874,0.0000
Wolfpack,79b12d71.qasm,16,11.476010,0.1199,0.0001
Wolfpack,79b12d71.qasm,64,32.010890,0.1199,0.0000
Wolfpack,79b12d71.qasm,512,147.065924,0.1199,0.0000
Wolfpack,7a0c7e70.qasm,16,42.941034,2.5750,0.0001
Wolfpack,7a0c7e70.qasm,64,121.367774,2.5750,0.0000
Wolfpack,7a0c7e70.qasm,512,576.014811,2.5750,0.0000
Wolfpack,7a1c98cc.qasm,16,4.929231,0.0008,0.0000
Wolfpack,7a1c98cc.qasm,64,13.543201,0.0008,0.0000
Wolfpack,7a1c98cc.qasm,512,37.205977,0.0008,0.0000
Wolfpack,7a79f013.qasm,16,61.534450,1.6268,0.0001
Wolfpack,7a79f013.qasm,64,174.044945,1.6268,0.0001
Wolfpack,7a79f013.qasm,512,827.889893,1.6268,0.0001
Wolfpack,7aad2132.qasm,16,14.055887,0.2021,0.0001
Wolfpack,7aad2132.qasm,64,39.471948,0.2021,0.0000
Wolfpack,7aad2132.qasm,512,184.181773,0.2021,0.0000
Wolfpack,7afdbe61.qasm,16,9.834591,0.0375,0.0000
Wolfpack,7afdbe61.qasm,64,27.255938,0.0375,0.0000
Wolfpack,7afdbe61.qasm,512,115.604113,0.0375,0.0000
Wolfpack,7b19558f.qasm,16,30.917887,0.1656,0.0001
Wolfpack,7b19558f.qasm,64,87.445390,0.1656,0.0001
Wolfpack,7b19558f.qasm,512,415.907496,0.1656,0.0001
Wolfpack,7bab61ca.qasm,16,1.332264,0.0189,0.0000
Wolfpack,7bab61ca.qasm,64,1.332264,0.0189,0.0000
Wolfpack,7bab61ca.qasm,512,1.332264,0.0189,0.0000
Wolfpack,7be7d477.qasm,16,13.369864,0.1866,0.0001
Wolfpack,7be7d477.qasm,64,37.533098,0.1866,0.0000
Wolfpack,7be7d477.qasm,512,175.058923,0.1866,0.0000
Wolfpack,7bf0f1bc.qasm,16,12.115245,0.1531,0.0001
Wolfpack,7bf0f1bc.qasm,64,33.740868,0.1531,0.0000
Wolfpack,7bf0f1bc.qasm,512,157.179241,0.1531,0.0000
Wolfpack,7c9f6bae.qasm,16,12.280821,0.1550,0.0001
Wolfpack,7c9f6bae.qasm,64,34.228754,0.1550,0.0000
Wolfpack,7c9f6bae.qasm,512,159.630068,0.1550,0.0000
Wolfpack,7d6d9a38.qasm,16,14.137400,0.2630,0.0001
Wolfpack,7d6d9a38.qasm,64,39.689625,0.2630,0.0000
Wolfpack,7d6d9a38.qasm,512,185.128498,0.2630,0.0000
Wolfpack,7db40afb.qasm,16,0.321819,0.0004,0.0001
Wolfpack,7db40afb.qasm,64,0.321819,0.0004,0.0000
Wolfpack,7db40afb.qasm,512,0.321819,0.0004,0.0000
Wolfpack,7fdad0c4.qasm,16,12.558253,0.2031,0.0001
Wolfpack,7fdad0c4.qasm,64,35.236443,0.2031,0.0000
Wolfpack,7fdad0c4.qasm,512,164.234659,0.2031,0.0000
Wolfpack,81af3d74.qasm,16,3.388244,0.0009,0.0000
Wolfpack,81af3d74.qasm,64,7.853562,0.0009,0.0000
Wolfpack,81af3d74.qasm,512,10.446433,0.0009,0.0000
Wolfpack,81f388c7.qasm,16,6.561336,0.0030,0.0000
Wolfpack,81f388c7.qasm,64,18.169536,0.0030,0.0000
Wolfpack,81f388c7.qasm,512,49.117874,0.0030,0.0000
Wolfpack,81fdeb0a.qasm,16,0.379864,0.0005,0.0000
Wolfpack,81fdeb0a.qasm,64,0.379864,0.0005,0.0000
Wolfpack,81fdeb0a.qasm,512,0.379864,0.0005,0.0000
Wolfpack,827a3442.qasm,16,0.450016,0.0008,0.0001
Wolfpack,827a3442.qasm,64,0.450016,0.0008,0.0000
Wolfpack,827a3442.qasm,512,0.450016,0.0008,0.0000
Wolfpack,82b89c68.qasm,16,13.522174,0.0524,0.0001
Wolfpack,82b89c68.qasm,64,38.012991,0.0524,0.0000
Wolfpack,82b89c68.qasm,512,176.081074,0.0524,0.0000
Wolfpack,831c33e1.qasm,16,13.369864,0.2602,0.0001
Wolfpack,831c33e1.qasm,64,37.533098,0.2602,0.0001
Wolfpack,831c33e1.qasm,512,175.058923,0.2602,0.0000
Wolfpack,8335b01d.qasm,16,0.578087,0.0007,0.0001
Wolfpack,8335b01d.qasm,64,0.578087,0.0007,0.0000
Wolfpack,8335b01d.qasm,512,0.578087,0.0007,0.0001
Wolfpack,834596bc.qasm,16,42.789339,0.7700,0.0001
Wolfpack,834596bc.qasm,64,121.021855,0.7700,0.0001
Wolfpack,834596bc.qasm,512,575.623494,0.7700,0.0001
Wolfpack,83b22dc5.qasm,16,9.377414,0.0735,0.0000
Wolfpack,83b22dc5.qasm,64,25.826198,0.0735,0.0000
Wolfpack,83b22dc5.qasm,512,109.368304,0.0735,0.0000
Wolfpack,8400dcc1.qasm,16,1.065273,0.0280,0.0000
Wolfpack,8400dcc1.qasm,64,1.065273,0.0280,0.0000
Wolfpack,8400dcc1.qasm,512,1.065273,0.0280,0.0000
Wolfpack,8422040e.qasm,16,0.754274,0.0013,0.0000
Wolfpack,8422040e.qasm,64,0.754274,0.0013,0.0000
Wolfpack,8422040e.qasm,512,0.754274,0.0013,0.0000
Wolfpack,84fe3fba.qasm,16,22.457025,0.2045,0.0000
Wolfpack,84fe3fba.qasm,64,63.498923,0.2045,0.0000
Wolfpack,84fe3fba.qasm,512,301.253866,0.2045,0.0000
Wolfpack,85317608.qasm,16,1.784976,0.0031,0.0000
Wolfpack,85317608.qasm,64,1.784976,0.0031,0.0000
Wolfpack,85317608.qasm,512,1.784976,0.0031,0.0000
Wolfpack,85863407.qasm,16,11.785910,0.1370,0.0001
Wolfpack,85863407.qasm,64,32.772228,0.1370,0.0000
Wolfpack,85863407.qasm,512,152.465086,0.1370,0.0000
Wolfpack,860cc392.qasm,16,11.785910,0.1362,0.0001
Wolfpack,860cc392.qasm,64,32.772228,0.1362,0.0000
Wolfpack,860cc392.qasm,512,152.465086,0.1362,0.0000
Wolfpack,86464ad3.qasm,16,4.067079,0.0012,0.0000
Wolfpack,86464ad3.qasm,64,4.067079,0.0012,0.0000
Wolfpack,86464ad3.qasm,512,4.067079,0.0012,0.0000
Wolfpack,871618c1.qasm,16,10.355848,0.0909,0.0000
Wolfpack,871618c1.qasm,64,28.321707,0.0909,0.0000
Wolfpack,871618c1.qasm,512,129.854019,0.0909,0.0000
Wolfpack,8732dc00.qasm,16,2.164328,0.0108,0.0000
Wolfpack,8732dc00.qasm,64,2.164328,0.0108,0.0000
Wolfpack,8732dc00.qasm,512,2.164328,0.0108,0.0000
Wolfpack,884b47f6.qasm,16,14.595570,0.0391,0.0001
Wolfpack,884b47f6.qasm,64,41.249559,0.0391,0.0000
Wolfpack,884b47f6.qasm,512,193.225786,0.0391,0.0000
Wolfpack,885efe5b.qasm,16,9.377414,0.0655,0.0000
Wolfpack,885efe5b.qasm,64,25.826198,0.0655,0.0000
Wolfpack,885efe5b.qasm,512,109.368304,0.0655,0.0000
Wolfpack,8930abda.qasm,16,0.895015,0.0103,0.0000
Wolfpack,8930abda.qasm,64,0.895015,0.0103,0.0000
Wolfpack,8930abda.qasm,512,0.895015,0.0103,0.0000
Wolfpack,896404d8.qasm,16,22.453380,0.1975,0.0000
Wolfpack,896404d8.qasm,64,63.488726,0.1975,0.0000
Wolfpack,896404d8.qasm,512,301.208966,0.1975,0.0000
Wolfpack,8a146ce3.qasm,16,29.313632,0.8767,0.0001
Wolfpack,8a146ce3.qasm,64,82.690474,0.8767,0.0000
Wolfpack,8a146ce3.qasm,512,389.924785,0.8767,0.0000
Wolfpack,8a1c1c3f.qasm,16,1.069424,0.0018,0.0000
Wolfpack,8a1c1c3f.qasm,64,1.069424,0.0018,0.0000
Wolfpack,8a1c1c3f.qasm,512,1.069424,0.0018,0.0000
Wolfpack,8a2ab626.qasm,16,12.343569,0.1167,0.0000
Wolfpack,8a2ab626.qasm,64,34.640777,0.1167,0.0000
Wolfpack,8a2ab626.qasm,512,161.442233,0.1167,0.0000
Wolfpack,8b77bf87.qasm,16,3.102838,0.0510,0.0000
Wolfpack,8b77bf87.qasm,64,3.102838,0.0510,0.0000
Wolfpack,8b77bf87.qasm,512,3.102838,0.0510,0.0000
Wolfpack,8bd576fc.qasm,16,14.214341,0.0323,0.0000
Wolfpack,8bd576fc.qasm,64,40.168551,0.0323,0.0000
Wolfpack,8bd576fc.qasm,512,188.135164,0.0323,0.0000
Wolfpack,8c01a935.qasm,16,10.331841,0.0078,0.0001
Wolfpack,8c01a935.qasm,64,29.027725,0.0078,0.0000
Wolfpack,8c01a935.qasm,512,135.723023,0.0078,0.0000
Wolfpack,8d5010bc.qasm,16,3.722289,0.0006,0.0000
Wolfpack,8d5010bc.qasm,64,9.144990,0.0006,0.0000
Wolfpack,8d5010bc.qasm,512,18.165133,0.0006,0.0000
Wolfpack,8d9d4033.qasm,16,8.711804,0.0510,0.0000
Wolfpack,8d9d4033.qasm,64,22.988363,0.0510,0.0000
Wolfpack,8d9d4033.qasm,512,97.430861,0.0510,0.0000
Wolfpack,8e84b85a.qasm,16,5.057272,0.0018,0.0000
Wolfpack,8e84b85a.qasm,64,5.057272,0.0018,0.0000
Wolfpack,8e84b85a.qasm,512,5.057272,0.0018,0.0000
Wolfpack,8e9564e3.qasm,16,11.219797,0.1037,0.0000
Wolfpack,8e9564e3.qasm,64,31.276346,0.1037,0.0000
Wolfpack,8e9564e3.qasm,512,143.862543,0.1037,0.0000
Wolfpack,8f4e1b64.qasm,16,27.401948,0.4244,0.0001
Wolfpack,8f4e1b64.qasm,64,77.482859,0.4244,0.0000
Wolfpack,8f4e1b64.qasm,512,367.659786,0.4244,0.0000
Wolfpack,8f564e3e.qasm,16,12.558253,0.1588,0.0001
Wolfpack,8f564e3e.qasm,64,35.236443,0.1588,0.0000
Wolfpack,8f564e3e.qasm,512,164.234659,0.1588,0.0000
Wolfpack,8f8fbcbd.qasm,16,50.359907,4.0625,0.0001
Wolfpack,8f8fbcbd.qasm,64,142.379727,4.0625,0.0000
Wolfpack,8f8fbcbd.qasm,512,676.337819,4.0625,0.0000
Wolfpack,8fb9e9ac.qasm,16,16.782417,0.0326,0.0001
Wolfpack,8fb9e9ac.qasm,64,47.422875,0.0326,0.0000
Wolfpack,8fb9e9ac.qasm,512,225.133372,0.0326,0.0000
Wolfpack,9143d50f.qasm,16,20.247714,0.0245,0.0001
Wolfpack,9143d50f.qasm,64,57.237233,0.0245,0.0000
Wolfpack,9143d50f.qasm,512,271.993503,0.0245,0.0000
Wolfpack,917fa943.qasm,16,10.773106,0.0143,0.0001
Wolfpack,917fa943.qasm,64,30.388776,0.0143,0.0000
Wolfpack,917fa943.qasm,512,141.914621,0.0143,0.0000
Wolfpack,92f98bb3.qasm,16,6.896948,0.0438,0.0000
Wolfpack,92f98bb3.qasm,64,16.625384,0.0438,0.0000
Wolfpack,92f98bb3.qasm,512,16.625384,0.0438,0.0001
Wolfpack,933b305c.qasm,16,11.730431,0.4297,0.0001
Wolfpack,933b305c.qasm,64,32.734007,0.4297,0.0001
Wolfpack,933b305c.qasm,512,151.367758,0.4297,0.0001
Wolfpack,93865be7.qasm,16,0.158489,0.0003,0.0001
Wolfpack,93865be7.qasm,64,0.158489,0.0003,0.0000
Wolfpack,93865be7.qasm,512,0.158489,0.0003,0.0000
Wolfpack,9395edc6.qasm,16,4.733181,0.0017,0.0000
Wolfpack,9395edc6.qasm,64,12.437508,0.0017,0.0000
Wolfpack,9395edc6.qasm,512,12.437508,0.0017,0.0000
Wolfpack,93c78575.qasm,16,12.439958,0.5126,0.0001
Wolfpack,93c78575.qasm,64,34.696626,0.5126,0.0001
Wolfpack,93c78575.qasm,512,161.972944,0.5126,0.0001
Wolfpack,9429600a.qasm,16,12.115245,0.3480,0.0001
Wolfpack,9429600a.qasm,64,33.740868,0.3480,0.0001
Wolfpack,9429600a.qasm,512,157.179241,0.3480,0.0001
Wolfpack,94f4e26a.qasm,16,13.861335,0.6081,0.0001
Wolfpack,94f4e26a.qasm,64,38.909356,0.6081,0.0001
Wolfpack,94f4e26a.qasm,512,181.341551,0.6081,0.0001
Wolfpack,950704f2.qasm,16,30.908795,0.4956,0.0002
Wolfpack,950704f2.qasm,64,87.405027,0.4956,0.0002
Wolfpack,950704f2.qasm,512,415.615233,0.4956,0.0002
Wolfpack,954ad251.qasm,16,0.321819,0.0009,0.0001
Wolfpack,954ad251.qasm,64,0.321819,0.0009,0.0001
Wolfpack,954ad251.qasm,512,0.321819,0.0009,0.0001
Wolfpack,957c248b.qasm,16,10.964200,0.0313,0.0001
Wolfpack,957c248b.qasm,64,30.867936,0.0313,0.0001
Wolfpack,957c248b.qasm,512,145.204534,0.0313,0.0001
Wolfpack,964382be.qasm,16,13.861335,0.6500,0.0001
Wolfpack,964382be.qasm,64,38.909356,0.6500,0.0001
Wolfpack,964382be.qasm,512,181.341551,0.6500,0.0001
Wolfpack,965eb08c.qasm,16,11.476010,0.3704,0.0001
Wolfpack,965eb08c.qasm,64,32.010890,0.3704,0.0001
Wolfpack,965eb08c.qasm,512,147.065924,0.3704,0.0001
Wolfpack,96876fa5.qasm,16,20.601875,0.6776,0.0001
Wolfpack,96876fa5.qasm,64,57.621478,0.6776,0.0000
Wolfpack,96876fa5.qasm,512,158.942564,0.6776,0.0000
Wolfpack,96f82da7.qasm,16,14.312566,0.0190,0.0001
Wolfpack,96f82da7.qasm,64,40.460187,0.0190,0.0001
Wolfpack,96f82da7.qasm,512,192.176505,0.0190,0.0001
Wolfpack,981d8651.qasm,16,0.895015,0.0069,0.0001
Wolfpack,981d8651.qasm,64,0.895015,0.0069,0.0001
Wolfpack,981d8651.qasm,512,0.895015,0.0069,0.0001
Wolfpack,9a442b56.qasm,16,17.641227,0.4252,0.0002
Wolfpack,9a442b56.qasm,64,49.781681,0.4252,0.0001
Wolfpack,9a442b56.qasm,512,232.510471,0.4252,0.0001
Wolfpack,9c6b6510.qasm,16,25.135478,0.1333,0.0001
Wolfpack,9c6b6510.qasm,64,71.064393,0.1333,0.0001
Wolfpack,9c6b6510.qasm,512,337.830468,0.1333,0.0001
Wolfpack,9ccf974e.qasm,16,2.475443,0.0009,0.0000
Wolfpack,9ccf974e.qasm,64,2.475443,0.0009,0.0000
Wolfpack,9ccf974e.qasm,512,2.475443,0.0009,0.0000
Wolfpack,9d76010e.qasm,16,0.789899,0.0034,0.0001
Wolfpack,9d76010e.qasm,64,0.789899,0.0034,0.0001
Wolfpack,9d76010e.qasm,512,0.789899,0.0034,0.0001
Wolfpack,9d7cbc78.qasm,16,6.896948,0.1023,0.0001
Wolfpack,9d7cbc78.qasm,64,16.625384,0.1023,0.0001
Wolfpack,9d7cbc78.qasm,512,16.625384,0.1023,0.0001
Wolfpack,9d7e60b6.qasm,16,20.782134,0.0560,0.0001
Wolfpack,9d7e60b6.qasm,64,58.747417,0.0560,0.0001
Wolfpack,9d7e60b6.qasm,512,279.121324,0.0560,0.0001
Wolfpack,9e3be92a.qasm,16,30.908795,0.5003,0.0002
Wolfpack,9e3be92a.qasm,64,87.405027,0.5003,0.0002
Wolfpack,9e3be92a.qasm,512,415.615233,0.5003,0.0002
Wolfpack,9ea3bed5.qasm,16,0.629578,0.0227,0.0000
Wolfpack,9ea3bed5.qasm,64,0.629578,0.0227,0.0000
Wolfpack,9ea3bed5.qasm,512,0.629578,0.0227,0.0000
Wolfpack,9f744e04.qasm,16,23.731323,1.0931,0.0001
Wolfpack,9f744e04.qasm,64,66.929102,1.0931,0.0001
Wolfpack,9f744e04.qasm,512,315.365967,1.0931,0.0001
Wolfpack,a0a79499.qasm,16,8.453871,0.0127,0.0001
Wolfpack,a0a79499.qasm,64,23.433521,0.0127,0.0001
Wolfpack,a0a79499.qasm,512,63.389535,0.0127,0.0001
Wolfpack,a0b53b67.qasm,16,10.284121,0.0097,0.0001
Wolfpack,a0b53b67.qasm,64,28.948154,0.0097,0.0001
Wolfpack,a0b53b67.qasm,512,137.198803,0.0097,0.0001
Wolfpack,a169a3ba.qasm,16,11.198438,0.3539,0.0001
Wolfpack,a169a3ba.qasm,64,31.190751,0.3539,0.0001
Wolfpack,a169a3ba.qasm,512,142.577845,0.3539,0.0001
Wolfpack,a1b3d3aa.qasm,16,12.696996,0.0394,0.0001
Wolfpack,a1b3d3aa.qasm,64,35.844774,0.0394,0.0001
Wolfpack,a1b3d3aa.qasm,512,169.108834,0.0394,0.0001
Wolfpack,a1bc8d56.qasm,16,8.583117,0.1711,0.0001
Wolfpack,a1bc8d56.qasm,64,22.627631,0.1711,0.0001
Wolfpack,a1bc8d56.qasm,512,95.052845,0.1711,0.0001
Wolfpack,a3cb01ca.qasm,16,9.377414,0.1949,0.0001
Wolfpack,a3cb01ca.qasm,64,25.826198,0.1949,0.0001
Wolfpack,a3cb01ca.qasm,512,109.368304,0.1949,0.0001
Wolfpack,a409aaa1.qasm,16,10.956801,0.0427,0.0001
Wolfpack,a409aaa1.qasm,64,30.677323,0.0427,0.0000
Wolfpack,a409aaa1.qasm,512,140.870194,0.0427,0.0000
Wolfpack,a440a477.qasm,16,5.639548,0.0057,0.0001
Wolfpack,a440a477.qasm,64,15.365064,0.0057,0.0001
Wolfpack,a440a477.qasm,512,62.751192,0.0057,0.0001
Wolfpack,a44fdc9f.qasm,16,14.604619,0.0208,0.0001
Wolfpack,a44fdc9f.qasm,64,41.260073,0.0208,0.0001
Wolfpack,a44fdc9f.qasm,512,195.792455,0.0208,0.0001
Wolfpack,a4f95806.qasm,16,1.436301,0.0034,0.0001
Wolfpack,a4f95806.qasm,64,1.436301,0.0034,0.0001
Wolfpack,a4f95806.qasm,512,1.436301,0.0034,0.0001
Wolfpack,a75c691c.qasm,16,9.834591,0.1031,0.0001
Wolfpack,a75c691c.qasm,64,27.255938,0.1031,0.0001
Wolfpack,a75c691c.qasm,512,115.604113,0.1031,0.0001
Wolfpack,a8818670.qasm,16,0.629578,0.0013,0.0001
Wolfpack,a8818670.qasm,64,0.629578,0.0013,0.0000
Wolfpack,a8818670.qasm,512,0.629578,0.0013,0.0000
Wolfpack,a8b40b61.qasm,16,11.476010,0.3964,0.0001
Wolfpack,a8b40b61.qasm,64,32.010890,0.3964,0.0000
Wolfpack,a8b40b61.qasm,512,147.065924,0.3964,0.0000
Wolfpack,a8dfab96.qasm,16,8.711804,0.1650,0.0001
Wolfpack,a8dfab96.qasm,64,22.988363,0.1650,0.0000
Wolfpack,a8dfab96.qasm,512,97.430861,0.1650,0.0000
Wolfpack,a9091180.qasm,16,12.115245,0.4606,0.0001
Wolfpack,a9091180.qasm,64,33.740868,0.4606,0.0001
Wolfpack,a9091180.qasm,512,157.179241,0.4606,0.0001
Wolfpack,aa41f5f1.qasm,16,12.339895,0.4008,0.0001
Wolfpack,aa41f5f1.qasm,64,34.409384,0.4008,0.0000
Wolfpack,aa41f5f1.qasm,512,160.587290,0.4008,0.0000
Wolfpack,aac529b2.qasm,16,40.572031,1.2084,0.0001
Wolfpack,aac529b2.qasm,64,114.750839,1.2084,0.0001
Wolfpack,aac529b2.qasm,512,545.782881,1.2084,0.0001
Wolfpack,aaf05f5c.qasm,16,9.720342,0.1916,0.0001
Wolfpack,aaf05f5c.qasm,64,26.795762,0.1916,0.0001
Wolfpack,aaf05f5c.qasm,512,120.133583,0.1916,0.0001
Wolfpack,ab65fd24.qasm,16,14.055887,0.4153,0.0001
Wolfpack,ab65fd24.qasm,64,39.471948,0.4153,0.0001
Wolfpack,ab65fd24.qasm,512,184.181773,0.4153,0.0001
Wolfpack,ab8a1b3c.qasm,16,13.343918,0.0872,0.0001
Wolfpack,ab8a1b3c.qasm,64,37.699160,0.0872,0.0001
Wolfpack,ab8a1b3c.qasm,512,176.497139,0.0872,0.0001
Wolfpack,ab964bf6.qasm,16,9.720342,0.2670,0.0001
Wolfpack,ab964bf6.qasm,64,26.795762,0.2670,0.0001
Wolfpack,ab964bf6.qasm,512,120.133583,0.2670,0.0001
Wolfpack,aceda861.qasm,16,1.589352,0.1505,0.0001
Wolfpack,aceda861.qasm,64,1.589352,0.1505,0.0000
Wolfpack,aceda861.qasm,512,1.589352,0.1505,0.0000
Wolfpack,ad2439c7.qasm,16,13.193660,0.4796,0.0001
Wolfpack,ad2439c7.qasm,64,37.023063,0.4796,0.0001
Wolfpack,ad2439c7.qasm,512,172.480801,0.4796,0.0001
Wolfpack,ad74d7c1.qasm,16,15.118263,0.0642,0.0001
Wolfpack,ad74d7c1.qasm,64,42.663449,0.0642,0.0001
Wolfpack,ad74d7c1.qasm,512,201.237999,0.0642,0.0001
Wolfpack,aed3c1af.qasm,16,11.503029,0.3841,0.0001
Wolfpack,aed3c1af.qasm,64,32.200720,0.3841,0.0001
Wolfpack,aed3c1af.qasm,512,147.590610,0.3841,0.0001
Wolfpack,af2659f0.qasm,16,0.450016,0.0011,0.0000
Wolfpack,af2659f0.qasm,64,0.450016,0.0011,0.0000
Wolfpack,af2659f0.qasm,512,0.450016,0.0011,0.0000
Wolfpack,af88ad19.qasm,16,10.044131,0.0200,0.0001
Wolfpack,af88ad19.qasm,64,27.674499,0.0200,0.0001
Wolfpack,af88ad19.qasm,512,73.777756,0.0200,0.0001
Wolfpack,af8b17d0.qasm,16,0.354393,0.0003,0.0000
Wolfpack,af8b17d0.qasm,64,0.354393,0.0003,0.0000
Wolfpack,af8b17d0.qasm,512,0.354393,0.0003,0.0000
Wolfpack,b06c81ca.qasm,16,10.780853,0.3140,0.0001
Wolfpack,b06c81ca.qasm,64,29.698770,0.3140,0.0001
Wolfpack,b06c81ca.qasm,512,136.941912,0.3140,0.0000
Wolfpack,b11883af.qasm,16,10.345662,0.0962,0.0001
Wolfpack,b11883af.qasm,64,10.345662,0.0962,0.0001
Wolfpack,b11883af.qasm,512,10.345662,0.0962,0.0001
Wolfpack,b1ea1d60.qasm,16,2.597548,0.0418,0.0001
Wolfpack,b1ea1d60.qasm,64,2.597548,0.0418,0.0001
Wolfpack,b1ea1d60.qasm,512,2.597548,0.0418,0.0001
Wolfpack,b2346111.qasm,16,72.827062,46.2043,0.0001
Wolfpack,b2346111.qasm,64,202.379625,46.2043,0.0001
Wolfpack,b2346111.qasm,512,900.759295,46.2043,0.0001
Wolfpack,b38d732e.qasm,16,12.018415,0.0656,0.0001
Wolfpack,b38d732e.qasm,64,33.877253,0.0656,0.0001
Wolfpack,b38d732e.qasm,512,159.287188,0.0656,0.0001
Wolfpack,b469b640.qasm,16,1.739320,0.0510,0.0001
Wolfpack,b469b640.qasm,64,1.739320,0.0510,0.0001
Wolfpack,b469b640.qasm,512,1.739320,0.0510,0.0001
Wolfpack,b4976343.qasm,16,7.050829,0.0020,0.0001
Wolfpack,b4976343.qasm,64,19.833618,0.0020,0.0000
Wolfpack,b4976343.qasm,512,93.398146,0.0020,0.0000
Wolfpack,b4c090da.qasm,16,5.326872,0.0009,0.0000
Wolfpack,b4c090da.qasm,64,14.861577,0.0009,0.0000
Wolfpack,b4c090da.qasm,512,68.265473,0.0009,0.0000
Wolfpack,b5baa095.qasm,16,8.966098,0.0068,0.0001
Wolfpack,b5baa095.qasm,64,25.250292,0.0068,0.0001
Wolfpack,b5baa095.qasm,512,119.071956,0.0068,0.0001
Wolfpack,b5be0645.qasm,16,31.824005,2.4193,0.0001
Wolfpack,b5be0645.qasm,64,89.103339,2.4193,0.0001
Wolfpack,b5be0645.qasm,512,420.839450,2.4193,0.0001
Wolfpack,b601af0f.qasm,16,3.727904,0.0253,0.0001
Wolfpack,b601af0f.qasm,64,3.727904,0.0253,0.0001
Wolfpack,b601af0f.qasm,512,3.727904,0.0253,0.0001
Wolfpack,b630efea.qasm,16,9.491702,0.1354,0.0001
Wolfpack,b630efea.qasm,64,26.120752,0.1354,0.0000
Wolfpack,b630efea.qasm,512,111.232207,0.1354,0.0000
Wolfpack,b680d160.qasm,16,12.339895,0.4195,0.0001
Wolfpack,b680d160.qasm,64,34.409384,0.4195,0.0001
Wolfpack,b680d160.qasm,512,160.587290,0.4195,0.0001
Wolfpack,b7694c8e.qasm,16,16.051431,0.1615,0.0001
Wolfpack,b7694c8e.qasm,64,45.247961,0.1615,0.0001
Wolfpack,b7694c8e.qasm,512,212.440992,0.1615,0.0001
Wolfpack,b792cc98.qasm,16,0.401048,0.0005,0.0000
Wolfpack,b792cc98.qasm,64,0.401048,0.0005,0.0000
Wolfpack,b792cc98.qasm,512,0.401048,0.0005,0.0000
Wolfpack,b97c72bf.qasm,16,8.763595,0.0082,0.0001
Wolfpack,b97c72bf.qasm,64,24.699854,0.0082,0.0001
Wolfpack,b97c72bf.qasm,512,116.861347,0.0082,0.0001
Wolfpack,b9ba0e84.qasm,16,12.449653,0.1140,0.0001
Wolfpack,b9ba0e84.qasm,64,35.154079,0.1140,0.0001
Wolfpack,b9ba0e84.qasm,512,163.500192,0.1140,0.0000
Wolfpack,ba0c09b8.qasm,16,11.785910,0.3458,0.0001
Wolfpack,ba0c09b8.qasm,64,32.772228,0.3458,0.0001
Wolfpack,ba0c09b8.qasm,512,152.465086,0.3458,0.0006
Wolfpack,bb291a8b.qasm,16,12.439958,0.4825,0.0001
Wolfpack,bb291a8b.qasm,64,34.696626,0.4825,0.0001
Wolfpack,bb291a8b.qasm,512,161.972944,0.4825,0.0001
Wolfpack,bb50273f.qasm,16,61.655915,5.2411,0.0001
Wolfpack,bb50273f.qasm,64,174.388401,5.2411,0.0001
Wolfpack,bb50273f.qasm,512,829.522119,5.2411,0.0001
Wolfpack,bc99b330.qasm,16,30.235739,2.3569,0.0001
Wolfpack,bc99b330.qasm,64,85.399020,2.3569,0.0004
Wolfpack,bc99b330.qasm,512,404.511375,2.3569,0.0000
Wolfpack,bc9dd950.qasm,16,8.711804,0.1426,0.0001
Wolfpack,bc9dd950.qasm,64,22.988363,0.1426,0.0000
Wolfpack,bc9dd950.qasm,512,97.430861,0.1426,0.0000
Wolfpack,bd32080b.qasm,16,71.979927,7.8334,0.0001
Wolfpack,bd32080b.qasm,64,203.589115,7.8334,0.0001
Wolfpack,bd32080b.qasm,512,968.422980,7.8334,0.0001
Wolfpack,bd462bd7.qasm,16,15.250261,0.2414,0.0001
Wolfpack,bd462bd7.qasm,64,42.971009,0.2414,0.0001
Wolfpack,bd462bd7.qasm,512,197.699689,0.2414,0.0001
Wolfpack,bdd2c3ff.qasm,16,14.209996,0.2014,0.0001
Wolfpack,bdd2c3ff.qasm,64,40.078105,0.2014,0.0001
Wolfpack,bdd2c3ff.qasm,512,185.818883,0.2014,0.0001
Wolfpack,be527b4d.qasm,16,44.311034,6.3817,0.0001
Wolfpack,be527b4d.qasm,64,124.353792,6.3817,0.0000
Wolfpack,be527b4d.qasm,512,207.835498,6.3817,0.0000
Wolfpack,bf029799.qasm,16,11.613236,0.4523,0.0001
Wolfpack,bf029799.qasm,64,32.395843,0.4523,0.0001
Wolfpack,bf029799.qasm,512,149.305310,0.4523,0.0001
Wolfpack,bf0f8df9.qasm,16,7.594133,0.1050,0.0001
Wolfpack,bf0f8df9.qasm,64,19.920136,0.1050,0.0001
Wolfpack,bf0f8df9.qasm,512,47.940025,0.1050,0.0000
Wolfpack,bf9674e9.qasm,16,0.751316,0.0024,0.0000
Wolfpack,bf9674e9.qasm,64,0.751316,0.0024,0.0000
Wolfpack,bf9674e9.qasm,512,0.751316,0.0024,0.0000
Wolfpack,c05aa9cf.qasm,16,14.137400,0.6550,0.0001
Wolfpack,c05aa9cf.qasm,64,39.689625,0.6550,0.0001
Wolfpack,c05aa9cf.qasm,512,185.128498,0.6550,0.0001
Wolfpack,c0a1d157.qasm,16,5.603448,0.0674,0.0001
Wolfpack,c0a1d157.qasm,64,12.209782,0.0674,0.0001
Wolfpack,c0a1d157.qasm,512,12.209782,0.0674,0.0001
Wolfpack,c0ffe57a.qasm,16,0.757198,0.0016,0.0000
Wolfpack,c0ffe57a.qasm,64,0.757198,0.0016,0.0000
Wolfpack,c0ffe57a.qasm,512,0.757198,0.0016,0.0000
Wolfpack,c20bb346.qasm,16,25.924015,0.1908,0.0001
Wolfpack,c20bb346.qasm,64,73.295092,0.1908,0.0001
Wolfpack,c20bb346.qasm,512,348.440528,0.1908,0.0001
Wolfpack,c246552a.qasm,16,15.056786,0.1193,0.0001
Wolfpack,c246552a.qasm,64,42.557013,0.1193,0.0000
Wolfpack,c246552a.qasm,512,196.624221,0.1193,0.0000
Wolfpack,c39fa73b.qasm,16,3.242864,0.0009,0.0001
Wolfpack,c39fa73b.qasm,64,3.242864,0.0009,0.0001
Wolfpack,c39fa73b.qasm,512,3.242864,0.0009,0.0001
Wolfpack,c3c0513f.qasm,16,6.468635,0.0062,0.0001
Wolfpack,c3c0513f.qasm,64,17.798146,0.0062,0.0001
Wolfpack,c3c0513f.qasm,512,47.796653,0.0062,0.0001
Wolfpack,c40ecada.qasm,16,10.780853,0.3305,0.0001
Wolfpack,c40ecada.qasm,64,29.698770,0.3305,0.0001
Wolfpack,c40ecada.qasm,512,136.941912,0.3305,0.0000
Wolfpack,c4c36286.qasm,16,11.503029,0.2371,0.0008
Wolfpack,c4c36286.qasm,64,32.200720,0.2371,0.0001
Wolfpack,c4c36286.qasm,512,147.590610,0.2371,0.0001
Wolfpack,c4ff2c11.qasm,16,11.210787,0.0153,0.0001
Wolfpack,c4ff2c11.qasm,64,31.622985,0.0153,0.0001
Wolfpack,c4ff2c11.qasm,512,149.626260,0.0153,0.0001
Wolfpack,c6678d16.qasm,16,46.166836,6.3422,0.0002
Wolfpack,c6678d16.qasm,64,130.471464,6.3422,0.0001
Wolfpack,c6678d16.qasm,512,618.791387,6.3422,0.0002
Wolfpack,c676cfb4.qasm,16,3.533653,0.0015,0.0001
Wolfpack,c676cfb4.qasm,64,3.533653,0.0015,0.0000
Wolfpack,c676cfb4.qasm,512,3.533653,0.0015,0.0000
Wolfpack,c7670b0a.qasm,16,0.435481,0.0014,0.0000
Wolfpack,c7670b0a.qasm,64,0.435481,0.0014,0.0000
Wolfpack,c7670b0a.qasm,512,0.435481,0.0014,0.0000
Wolfpack,c7a93f95.qasm,16,10.355848,0.3205,0.0001
Wolfpack,c7a93f95.qasm,64,28.321707,0.3205,0.0001
Wolfpack,c7a93f95.qasm,512,129.854019,0.3205,0.0001
Wolfpack,c7bddf55.qasm,16,7.458314,0.1062,0.0000
Wolfpack,c7bddf55.qasm,64,19.458748,0.1062,0.0000
Wolfpack,c7bddf55.qasm,512,46.829728,0.1062,0.0000
Wolfpack,c82bb473.qasm,16,10.355848,0.2273,0.0001
Wolfpack,c82bb473.qasm,64,28.321707,0.2273,0.0001
Wolfpack,c82bb473.qasm,512,129.854019,0.2273,0.0000
Wolfpack,c84ad65b.qasm,16,9.623637,0.2114,0.0001
Wolfpack,c84ad65b.qasm,64,26.464484,0.2114,0.0001
Wolfpack,c84ad65b.qasm,512,118.657199,0.2114,0.0001
Wolfpack,c8afe1ad.qasm,16,0.571441,0.0013,0.0001
Wolfpack,c8afe1ad.qasm,64,0.571441,0.0013,0.0000
Wolfpack,c8afe1ad.qasm,512,0.571441,0.0013,0.0000
Wolfpack,c945995d.qasm,16,11.198438,0.3954,0.0001
Wolfpack,c945995d.qasm,64,31.190751,0.3954,0.0001
Wolfpack,c945995d.qasm,512,142.577845,0.3954,0.0001
Wolfpack,c95f41f8.qasm,16,0.435481,0.0013,0.0000
Wolfpack,c95f41f8.qasm,64,0.435481,0.0013,0.0000
Wolfpack,c95f41f8.qasm,512,0.435481,0.0013,0.0000
Wolfpack,c96fe790.qasm,16,51.923490,2.1584,0.0002
Wolfpack,c96fe790.qasm,64,146.861042,2.1584,0.0002
Wolfpack,c96fe790.qasm,512,698.581128,2.1584,0.0002
Wolfpack,c999af32.qasm,16,9.720342,0.2906,0.0001
Wolfpack,c999af32.qasm,64,26.795762,0.2906,0.0001
Wolfpack,c999af32.qasm,512,120.133583,0.2906,0.0001
Wolfpack,ca0a2ce5.qasm,16,13.522174,0.1484,0.0001
Wolfpack,ca0a2ce5.qasm,64,38.012991,0.1484,0.0001
Wolfpack,ca0a2ce5.qasm,512,176.081074,0.1484,0.0001
Wolfpack,ca634f4d.qasm,16,8.583117,0.1850,0.0001
Wolfpack,ca634f4d.qasm,64,22.627631,0.1850,0.0001
Wolfpack,ca634f4d.qasm,512,95.052845,0.1850,0.0001
Wolfpack,ca8c6d9a.qasm,16,12.280821,0.5016,0.0001
Wolfpack,ca8c6d9a.qasm,64,34.228754,0.5016,0.0001
Wolfpack,ca8c6d9a.qasm,512,159.630068,0.5016,0.0001
Wolfpack,ca980007.qasm,16,10.355848,0.2464,0.0001
Wolfpack,ca980007.qasm,64,28.321707,0.2464,0.0001
Wolfpack,ca980007.qasm,512,129.854019,0.2464,0.0001
Wolfpack,cab2b6e9.qasm,16,10.780853,0.3414,0.0001
Wolfpack,cab2b6e9.qasm,64,29.698770,0.3414,0.0001
Wolfpack,cab2b6e9.qasm,512,136.941912,0.3414,0.0000
Wolfpack,cb2b300f.qasm,16,11.198438,0.3390,0.0001
Wolfpack,cb2b300f.qasm,64,31.190751,0.3390,0.0001
Wolfpack,cb2b300f.qasm,512,142.577845,0.3390,0.0001
Wolfpack,cc5bc6eb.qasm,16,1.110348,0.0031,0.0000
Wolfpack,cc5bc6eb.qasm,64,1.110348,0.0031,0.0000
Wolfpack,cc5bc6eb.qasm,512,1.110348,0.0031,0.0000
Wolfpack,ccfd978a.qasm,16,46.898995,5.5412,0.0002
Wolfpack,ccfd978a.qasm,64,132.606858,5.5412,0.0001
Wolfpack,ccfd978a.qasm,512,630.644476,5.5412,0.0001
Wolfpack,cd51d9b8.qasm,16,12.441341,0.4198,0.0001
Wolfpack,cd51d9b8.qasm,64,34.923780,0.4198,0.0001
Wolfpack,cd51d9b8.qasm,512,162.872197,0.4198,0.0001
Wolfpack,cd592018.qasm,16,13.193660,0.5651,0.0001
Wolfpack,cd592018.qasm,64,37.023063,0.5651,0.0001
Wolfpack,cd592018.qasm,512,172.480801,0.5651,0.0001
Wolfpack,cd5b55b6.qasm,16,5.015238,0.0012,0.0001
Wolfpack,cd5b55b6.qasm,64,13.885641,0.0012,0.0000
Wolfpack,cd5b55b6.qasm,512,35.541060,0.0012,0.0000
Wolfpack,ce4f4dde.qasm,16,1.513350,0.0241,0.0001
Wolfpack,ce4f4dde.qasm,64,1.513350,0.0241,0.0001
Wolfpack,ce4f4dde.qasm,512,1.513350,0.0241,0.0000
Wolfpack,ce7207a3.qasm,16,13.522174,0.0734,0.0001
Wolfpack,ce7207a3.qasm,64,38.012991,0.0734,0.0001
Wolfpack,ce7207a3.qasm,512,176.081074,0.0734,0.0001
Wolfpack,cee426fe.qasm,16,36.482163,0.5865,0.0001
Wolfpack,cee426fe.qasm,64,103.182638,0.5865,0.0000
Wolfpack,cee426fe.qasm,512,490.762279,0.5865,0.0000
Wolfpack,cf2c4cc9.qasm,16,1.069424,0.0012,0.0000
Wolfpack,cf2c4cc9.qasm,64,1.069424,0.0012,0.0000
Wolfpack,cf2c4cc9.qasm,512,1.069424,0.0012,0.0000
Wolfpack,cf5bfeb1.qasm,16,12.439958,0.3471,0.0001
Wolfpack,cf5bfeb1.qasm,64,34.696626,0.3471,0.0001
Wolfpack,cf5bfeb1.qasm,512,161.972944,0.3471,0.0001
Wolfpack,d168a391.qasm,16,4.646400,0.0348,0.0001
Wolfpack,d168a391.qasm,64,10.031495,0.0348,0.0001
Wolfpack,d168a391.qasm,512,10.031495,0.0348,0.0001
Wolfpack,d20d9d2e.qasm,16,15.250261,0.3875,0.0001
Wolfpack,d20d9d2e.qasm,64,42.971009,0.3875,0.0001
Wolfpack,d20d9d2e.qasm,512,197.699689,0.3875,0.0001
Wolfpack,d21812d8.qasm,16,12.339882,0.3297,0.0001
Wolfpack,d21812d8.qasm,64,34.621881,0.3297,0.0001
Wolfpack,d21812d8.qasm,512,151.110071,0.3297,0.0001
Wolfpack,d2ffaf7e.qasm,16,0.751316,0.0138,0.0001
Wolfpack,d2ffaf7e.qasm,64,0.751316,0.0138,0.0001
Wolfpack,d2ffaf7e.qasm,512,0.751316,0.0138,0.0001
Wolfpack,d3f98c63.qasm,16,12.439958,0.3934,0.0001
Wolfpack,d3f98c63.qasm,64,34.696626,0.3934,0.0001
Wolfpack,d3f98c63.qasm,512,161.972944,0.3934,0.0001
Wolfpack,d3f998bc.qasm,16,12.343569,0.2342,0.0001
Wolfpack,d3f998bc.qasm,64,34.640777,0.2342,0.0001
Wolfpack,d3f998bc.qasm,512,161.442233,0.2342,0.0001
Wolfpack,d49ba491.qasm,16,9.623637,0.2421,0.0001
Wolfpack,d49ba491.qasm,64,26.464484,0.2421,0.0001
Wolfpack,d49ba491.qasm,512,118.657199,0.2421,0.0001
Wolfpack,d4a7f2c7.qasm,16,7.458314,0.1054,0.0001
Wolfpack,d4a7f2c7.qasm,64,19.458748,0.1054,0.0000
Wolfpack,d4a7f2c7.qasm,512,46.829728,0.1054,0.0000
Wolfpack,d706049b.qasm,16,6.247112,0.0025,0.0001
Wolfpack,d706049b.qasm,64,17.502397,0.0025,0.0001
Wolfpack,d706049b.qasm,512,81.580687,0.0025,0.0001
Wolfpack,d70a0bd6.qasm,16,50.478219,6.4480,0.0001
Wolfpack,d70a0bd6.qasm,64,142.691601,6.4480,0.0001
Wolfpack,d70a0bd6.qasm,512,677.411771,6.4480,0.0001
Wolfpack,d7fe8918.qasm,16,10.045908,0.0588,0.0001
Wolfpack,d7fe8918.qasm,64,28.153630,0.0588,0.0001
Wolfpack,d7fe8918.qasm,512,130.278906,0.0588,0.0001
Wolfpack,d87e1b4b.qasm,16,1.842085,0.0456,0.0001
Wolfpack,d87e1b4b.qasm,64,1.842085,0.0456,0.0001
Wolfpack,d87e1b4b.qasm,512,1.842085,0.0456,0.0000
Wolfpack,d9b603b5.qasm,16,9.377414,0.2120,0.0001
Wolfpack,d9b603b5.qasm,64,25.826198,0.2120,0.0001
Wolfpack,d9b603b5.qasm,512,109.368304,0.2120,0.0001
Wolfpack,d9c77e07.qasm,16,1.909190,0.0005,0.0000
Wolfpack,d9c77e07.qasm,64,1.909190,0.0005,0.0000
Wolfpack,d9c77e07.qasm,512,1.909190,0.0005,0.0000
Wolfpack,da0e58a0.qasm,16,22.457367,0.3042,0.0000
Wolfpack,da0e58a0.qasm,64,63.499892,0.3042,0.0000
Wolfpack,da0e58a0.qasm,512,301.258512,0.3042,0.0000
Wolfpack,da213329.qasm,16,12.115245,0.4449,0.0001
Wolfpack,da213329.qasm,64,33.740868,0.4449,0.0001
Wolfpack,da213329.qasm,512,157.179241,0.4449,0.0001
Wolfpack,da3a2f77.qasm,16,13.369864,0.5787,0.0001
Wolfpack,da3a2f77.qasm,64,37.533098,0.5787,0.0000
Wolfpack,da3a2f77.qasm,512,175.058923,0.5787,0.0000
Wolfpack,da4d0871.qasm,16,46.898995,5.6243,0.0001
Wolfpack,da4d0871.qasm,64,132.606858,5.6243,0.0001
Wolfpack,da4d0871.qasm,512,630.644476,5.6243,0.0001
Wolfpack,da505823.qasm,16,10.355848,0.2353,0.0001
Wolfpack,da505823.qasm,64,28.321707,0.2353,0.0001
Wolfpack,da505823.qasm,512,129.854019,0.2353,0.0001
Wolfpack,da601912.qasm,16,35.739484,4.1579,0.0001
Wolfpack,da601912.qasm,64,101.027827,4.1579,0.0001
Wolfpack,da601912.qasm,512,479.608430,4.1579,0.0001
Wolfpack,dae23358.qasm,16,10.270783,0.2703,0.0001
Wolfpack,dae23358.qasm,64,28.066304,0.2703,0.0001
Wolfpack,dae23358.qasm,512,128.550553,0.2703,0.0001
Wolfpack,db12c1f0.qasm,16,10.964200,0.0255,0.0001
Wolfpack,db12c1f0.qasm,64,30.867936,0.0255,0.0002
Wolfpack,db12c1f0.qasm,512,145.204534,0.0255,0.0001
Wolfpack,db6ca211.qasm,16,3.102838,0.1100,0.0002
Wolfpack,db6ca211.qasm,64,3.102838,0.1100,0.0001
Wolfpack,db6ca211.qasm,512,3.102838,0.1100,0.0000
Wolfpack,dbcc99b4.qasm,16,14.288983,0.0254,0.0002
Wolfpack,dbcc99b4.qasm,64,40.368908,0.0254,0.0001
Wolfpack,dbcc99b4.qasm,512,191.629075,0.0254,0.0001
Wolfpack,dc86453a.qasm,16,34.199706,2.2421,0.0001
Wolfpack,dc86453a.qasm,64,96.510770,2.2421,0.0001
Wolfpack,dc86453a.qasm,512,456.121230,2.2421,0.0001
Wolfpack,de690b52.qasm,16,9.491702,0.2148,0.0001
Wolfpack,de690b52.qasm,64,26.120752,0.2148,0.0001
Wolfpack,de690b52.qasm,512,111.232207,0.2148,0.0001
Wolfpack,deb00fe1.qasm,16,2.954973,0.0074,0.0001
Wolfpack,deb00fe1.qasm,64,5.696689,0.0074,0.0001
Wolfpack,deb00fe1.qasm,512,5.696689,0.0074,0.0001
Wolfpack,df1a7a89.qasm,16,118.878426,90.7793,0.0001
Wolfpack,df1a7a89.qasm,64,332.644243,90.7793,0.0000
Wolfpack,df1a7a89.qasm,512,1526.436070,90.7793,0.0000
Wolfpack,df43c2c2.qasm,16,11.931412,0.1465,0.0001
Wolfpack,df43c2c2.qasm,64,33.195768,0.1465,0.0000
Wolfpack,df43c2c2.qasm,512,153.635402,0.1465,0.0000
Wolfpack,df458745.qasm,16,47.018213,0.6039,0.0001
Wolfpack,df458745.qasm,64,132.985771,0.6039,0.0001
Wolfpack,df458745.qasm,512,632.579158,0.6039,0.0001
Wolfpack,df75e229.qasm,16,13.193660,0.1787,0.0000
Wolfpack,df75e229.qasm,64,37.023063,0.1787,0.0000
Wolfpack,df75e229.qasm,512,172.480801,0.1787,0.0000
Wolfpack,e10d312f.qasm,16,78.782473,4.2015,0.0001
Wolfpack,e10d312f.qasm,64,222.829478,4.2015,0.0001
Wolfpack,e10d312f.qasm,512,1059.955428,4.2015,0.0001
Wolfpack,e260fc6a.qasm,16,16.660525,0.0345,0.0000
Wolfpack,e260fc6a.qasm,64,47.116369,0.0345,0.0000
Wolfpack,e260fc6a.qasm,512,223.224202,0.0345,0.0000
Wolfpack,e3863462.qasm,16,13.379821,0.0378,0.0000
Wolfpack,e3863462.qasm,64,37.784207,0.0378,0.0000
Wolfpack,e3863462.qasm,512,176.113141,0.0378,0.0000
Wolfpack,e3b97044.qasm,16,13.861335,0.1839,0.0001
Wolfpack,e3b97044.qasm,64,38.909356,0.1839,0.0000
Wolfpack,e3b97044.qasm,512,181.341551,0.1839,0.0000
Wolfpack,e4a4359e.qasm,16,68.499230,6.1189,0.0001
Wolfpack,e4a4359e.qasm,64,193.709507,6.1189,0.0000
Wolfpack,e4a4359e.qasm,512,921.411515,6.1189,0.0000
Wolfpack,e4b50619.qasm,16,0.435481,0.0003,0.0000
Wolfpack,e4b50619.qasm,64,0.435481,0.0003,0.0000
Wolfpack,e4b50619.qasm,512,0.435481,0.0003,0.0000
Wolfpack,e61acd2b.qasm,16,6.896948,0.0285,0.0000
Wolfpack,e61acd2b.qasm,64,16.625384,0.0285,0.0000
Wolfpack,e61acd2b.qasm,512,16.625384,0.0285,0.0000
Wolfpack,e66c3381.qasm,16,12.280821,0.1503,0.0001
Wolfpack,e66c3381.qasm,64,34.228754,0.1503,0.0000
Wolfpack,e66c3381.qasm,512,159.630068,0.1503,0.0000
Wolfpack,e698c12d.qasm,16,0.679059,0.0003,0.0000
Wolfpack,e698c12d.qasm,64,0.679059,0.0003,0.0000
Wolfpack,e698c12d.qasm,512,0.679059,0.0003,0.0000
Wolfpack,e7296260.qasm,16,13.369864,0.1823,0.0001
Wolfpack,e7296260.qasm,64,37.533098,0.1823,0.0000
Wolfpack,e7296260.qasm,512,175.058923,0.1823,0.0000
Wolfpack,e751ad87.qasm,16,48.295781,0.7153,0.0001
Wolfpack,e751ad87.qasm,64,136.599932,0.7153,0.0001
Wolfpack,e751ad87.qasm,512,649.765247,0.7153,0.0001
Wolfpack,e7540ce6.qasm,16,14.137400,0.2339,0.0001
Wolfpack,e7540ce6.qasm,64,39.689625,0.2339,0.0000
Wolfpack,e7540ce6.qasm,512,185.128498,0.2339,0.0000
Wolfpack,e815593a.qasm,16,5.686388,0.0014,0.0000
Wolfpack,e815593a.qasm,64,15.405897,0.0014,0.0000
Wolfpack,e815593a.qasm,512,67.461175,0.0014,0.0000
Wolfpack,e893b1a5.qasm,16,38.888017,0.9407,0.0001
Wolfpack,e893b1a5.qasm,64,109.955790,0.9407,0.0000
Wolfpack,e893b1a5.qasm,512,522.921877,0.9407,0.0000
Wolfpack,ea801020.qasm,16,51.919576,0.8869,0.0001
Wolfpack,ea801020.qasm,64,146.843546,0.8869,0.0001
Wolfpack,ea801020.qasm,512,698.452927,0.8869,0.0001
Wolfpack,eb153d64.qasm,16,0.893250,0.0022,0.0000
Wolfpack,eb153d64.qasm,64,0.893250,0.0022,0.0000
Wolfpack,eb153d64.qasm,512,0.893250,0.0022,0.0000
Wolfpack,ebb0ac17.qasm,16,8.832028,0.0069,0.0000
Wolfpack,ebb0ac17.qasm,64,24.664152,0.0069,0.0000
Wolfpack,ebb0ac17.qasm,512,67.271784,0.0069,0.0000
Wolfpack,ebc18fd7.qasm,16,39.125335,0.3444,0.0001
Wolfpack,ebc18fd7.qasm,64,110.643889,0.3444,0.0001
Wolfpack,ebc18fd7.qasm,512,526.193089,0.3444,0.0001
Wolfpack,ebc3e166.qasm,16,93.674673,11.1519,0.0001
Wolfpack,ebc3e166.qasm,64,264.507438,11.1519,0.0000
Wolfpack,ebc3e166.qasm,512,1250.068817,11.1519,0.0000
Wolfpack,ec70915a.qasm,16,7.918305,0.0124,0.0001
Wolfpack,ec70915a.qasm,64,22.285110,0.0124,0.0000
Wolfpack,ec70915a.qasm,512,97.742575,0.0124,0.0000
Wolfpack,eca6fb66.qasm,16,12.339895,0.1633,0.0001
Wolfpack,eca6fb66.qasm,64,34.409384,0.1633,0.0000
Wolfpack,eca6fb66.qasm,512,160.587290,0.1633,0.0000
Wolfpack,ed52defd.qasm,16,7.062572,0.0346,0.0000
Wolfpack,ed52defd.qasm,64,16.971173,0.0346,0.0000
Wolfpack,ed52defd.qasm,512,16.971173,0.0346,0.0000
Wolfpack,eefd994e.qasm,16,12.439958,0.1598,0.0001
Wolfpack,eefd994e.qasm,64,34.696626,0.1598,0.0000
Wolfpack,eefd994e.qasm,512,161.972944,0.1598,0.0000
Wolfpack,ef8d10d7.qasm,16,14.258008,0.0376,0.0000
Wolfpack,ef8d10d7.qasm,64,40.292387,0.0376,0.0000
Wolfpack,ef8d10d7.qasm,512,186.023813,0.0376,0.0000
Wolfpack,efafd44f.qasm,16,0.923543,0.0029,0.0000
Wolfpack,efafd44f.qasm,64,0.923543,0.0029,0.0000
Wolfpack,efafd44f.qasm,512,0.923543,0.0029,0.0000
Wolfpack,f030e083.qasm,16,16.037586,0.0542,0.0000
Wolfpack,f030e083.qasm,64,45.296330,0.0542,0.0000
Wolfpack,f030e083.qasm,512,211.824597,0.0542,0.0000
Wolfpack,f05a6196.qasm,16,51.919576,0.9199,0.0001
Wolfpack,f05a6196.qasm,64,146.843546,0.9199,0.0001
Wolfpack,f05a6196.qasm,512,698.452927,0.9199,0.0001
Wolfpack,f0c5e28f.qasm,16,4.167411,0.0007,0.0000
Wolfpack,f0c5e28f.qasm,64,10.681894,0.0007,0.0000
Wolfpack,f0c5e28f.qasm,512,36.824669,0.0007,0.0000
Wolfpack,f0e878db.qasm,16,14.363863,0.0950,0.0000
Wolfpack,f0e878db.qasm,64,40.478163,0.0950,0.0000
Wolfpack,f0e878db.qasm,512,190.632814,0.0950,0.0000
Wolfpack,f0e91b40.qasm,16,11.487423,0.0261,0.0001
Wolfpack,f0e91b40.qasm,64,32.423627,0.0261,0.0000
Wolfpack,f0e91b40.qasm,512,148.909368,0.0261,0.0000
Wolfpack,f1167cc3.qasm,16,10.270783,0.0964,0.0000
Wolfpack,f1167cc3.qasm,64,28.066304,0.0964,0.0000
Wolfpack,f1167cc3.qasm,512,128.550553,0.0964,0.0000
Wolfpack,f163436d.qasm,16,3.379189,0.0004,0.0000
Wolfpack,f163436d.qasm,64,8.497494,0.0004,0.0000
Wolfpack,f163436d.qasm,512,8.497494,0.0004,0.0000
Wolfpack,f1bcea54.qasm,16,11.730431,0.1433,0.0001
Wolfpack,f1bcea54.qasm,64,32.734007,0.1433,0.0000
Wolfpack,f1bcea54.qasm,512,151.367758,0.1433,0.0000
Wolfpack,f27a09cf.qasm,16,1.069424,0.0050,0.0000
Wolfpack,f27a09cf.qasm,64,1.069424,0.0050,0.0000
Wolfpack,f27a09cf.qasm,512,1.069424,0.0050,0.0000
Wolfpack,f2a5a67a.qasm,16,6.896948,0.0294,0.0000
Wolfpack,f2a5a67a.qasm,64,16.625384,0.0294,0.0000
Wolfpack,f2a5a67a.qasm,512,16.625384,0.0294,0.0000
Wolfpack,f5398281.qasm,16,13.369864,0.1833,0.0001
Wolfpack,f5398281.qasm,64,37.533098,0.1833,0.0000
Wolfpack,f5398281.qasm,512,175.058923,0.1833,0.0000
Wolfpack,f5aeb6f0.qasm,16,12.280821,0.1530,0.0001
Wolfpack,f5aeb6f0.qasm,64,34.228754,0.1530,0.0000
Wolfpack,f5aeb6f0.qasm,512,159.630068,0.1530,0.0000
Wolfpack,f5d72dae.qasm,16,5.343243,0.0013,0.0001
Wolfpack,f5d72dae.qasm,64,14.708419,0.0013,0.0000
Wolfpack,f5d72dae.qasm,512,67.431712,0.0013,0.0000
Wolfpack,f67ec297.qasm,16,10.859109,0.1042,0.0001
Wolfpack,f67ec297.qasm,64,29.928810,0.1042,0.0000
Wolfpack,f67ec297.qasm,512,138.069130,0.1042,0.0000
Wolfpack,f7ff0727.qasm,16,0.354393,0.0002,0.0001
Wolfpack,f7ff0727.qasm,64,0.354393,0.0002,0.0000
Wolfpack,f7ff0727.qasm,512,0.354393,0.0002,0.0000
Wolfpack,f8a38627.qasm,16,32.470832,1.0963,0.0001
Wolfpack,f8a38627.qasm,64,91.700704,1.0963,0.0000
Wolfpack,f8a38627.qasm,512,434.028296,1.0963,0.0000
Wolfpack,f8d235ae.qasm,16,0.891474,0.0011,0.0000
Wolfpack,f8d235ae.qasm,64,0.891474,0.0011,0.0000
Wolfpack,f8d235ae.qasm,512,0.891474,0.0011,0.0000
Wolfpack,f98536e0.qasm,16,0.450016,0.0003,0.0000
Wolfpack,f98536e0.qasm,64,0.450016,0.0003,0.0000
Wolfpack,f98536e0.qasm,512,0.450016,0.0003,0.0000
Wolfpack,f9fee41b.qasm,16,13.861335,0.1951,0.0001
Wolfpack,f9fee41b.qasm,64,38.909356,0.1951,0.0000
Wolfpack,f9fee41b.qasm,512,181.341551,0.1951,0.0000
Wolfpack,fabdaac7.qasm,16,3.789380,0.0065,0.0000
Wolfpack,fabdaac7.qasm,64,7.991013,0.0065,0.0000
Wolfpack,fabdaac7.qasm,512,7.991013,0.0065,0.0000
Wolfpack,fadf1f0d.qasm,16,68.543589,6.0586,0.0001
Wolfpack,fadf1f0d.qasm,64,193.834866,6.0586,0.0000
Wolfpack,fadf1f0d.qasm,512,922.007715,6.0586,0.0000
Wolfpack,fb107df5.qasm,16,1.113103,0.0055,0.0000
Wolfpack,fb107df5.qasm,64,1.113103,0.0055,0.0000
Wolfpack,fb107df5.qasm,512,1.113103,0.0055,0.0000
Wolfpack,fb7e6eb0.qasm,16,10.224200,0.0070,0.0001
Wolfpack,fb7e6eb0.qasm,64,28.540985,0.0070,0.0000
Wolfpack,fb7e6eb0.qasm,512,133.824295,0.0070,0.0000
Wolfpack,fb8a2851.qasm,16,1.075561,0.0016,0.0000
Wolfpack,fb8a2851.qasm,64,1.075561,0.0016,0.0000
Wolfpack,fb8a2851.qasm,512,1.075561,0.0016,0.0000
Wolfpack,fb9223a1.qasm,16,4.879206,0.0006,0.0000
Wolfpack,fb9223a1.qasm,64,13.609522,0.0006,0.0000
Wolfpack,fb9223a1.qasm,512,37.623618,0.0006,0.0000
Wolfpack,fb9be929.qasm,16,0.802401,0.0002,0.0000
Wolfpack,fb9be929.qasm,64,0.802401,0.0002,0.0000
Wolfpack,fb9be929.qasm,512,0.802401,0.0002,0.0000
Wolfpack,fbcf0ea3.qasm,16,12.339895,0.1487,0.0001
Wolfpack,fbcf0ea3.qasm,64,34.409384,0.1487,0.0000
Wolfpack,fbcf0ea3.qasm,512,160.587290,0.1487,0.0000
Wolfpack,fbdc2a1f.qasm,16,7.062572,0.0310,0.0000
Wolfpack,fbdc2a1f.qasm,64,16.971173,0.0310,0.0000
Wolfpack,fbdc2a1f.qasm,512,16.971173,0.0310,0.0000
Wolfpack,fbe1d41c.qasm,16,4.354776,0.0011,0.0000
Wolfpack,fbe1d41c.qasm,64,11.719876,0.0011,0.0000
Wolfpack,fbe1d41c.qasm,512,18.129009,0.0011,0.0000
Wolfpack,fc1ce5ab.qasm,16,57.092789,3.0952,0.0001
Wolfpack,fc1ce5ab.qasm,64,161.453707,3.0952,0.0000
Wolfpack,fc1ce5ab.qasm,512,767.981697,3.0952,0.0001
Wolfpack,fc330f35.qasm,16,11.931412,0.1420,0.0001
Wolfpack,fc330f35.qasm,64,33.195768,0.1420,0.0000
Wolfpack,fc330f35.qasm,512,153.635402,0.1420,0.0000
Wolfpack,fc56714f.qasm,16,4.314131,0.0010,0.0000
Wolfpack,fc56714f.qasm,64,4.314131,0.0010,0.0000
Wolfpack,fc56714f.qasm,512,4.314131,0.0010,0.0000
Wolfpack,fc5872f2.qasm,16,48.902978,6.2298,0.0001
Wolfpack,fc5872f2.qasm,64,137.408044,6.2298,0.0000
Wolfpack,fc5872f2.qasm,512,635.961194,6.2298,0.0000
Wolfpack,fc66bdd4.qasm,16,28.742015,0.2671,0.0001
Wolfpack,fc66bdd4.qasm,64,81.289169,0.2671,0.0001
Wolfpack,fc66bdd4.qasm,512,386.597007,0.2671,0.0001
Wolfpack,fdf0b97e.qasm,16,12.013484,0.1935,0.0001
Wolfpack,fdf0b97e.qasm,64,33.447961,0.1935,0.0000
Wolfpack,fdf0b97e.qasm,512,155.761314,0.1935,0.0000
Wolfpack,ffe82f32.qasm,16,5.400967,0.0018,0.0000
Wolfpack,ffe82f32.qasm,64,15.075349,0.0018,0.0000
Wolfpack,ffe82f32.qasm,512,69.619879,0.0018,0.0000
