filename,threshold,actual_s,pred_s,timeout,score
3c2f55c1.qasm,16,14400.0,119.3555,1,0.0
5a741dbe.qasm,16,1607.2905076,7.3439,0,0.0
b5be0645.qasm,16,14400.0,80.3846,1,0.0
b5be0645.qasm,64,14400.0,68.1546,1,0.0
f030e083.qasm,512,6472.4911644,55.4587,0,0.0
70d5d461.qasm,512,8.8462365,602.746,0,0.0833
e10d312f.qasm,512,7.8526391,393.6991,0,0.1499
be527b4d.qasm,64,16.1154767,780.2553,0,0.1575
3c2f55c1.qasm,64,10512.190655,246.3785,0,0.185
70d5d461.qasm,64,0.1600138,5.5296,0,0.2307
72cc2f13.qasm,64,25.1915366,0.7528,0,0.2377
3f858470.qasm,512,0.4335088,13.998,0,0.2455
df458745.qasm,512,1.372099,39.4664,0,0.2706
ef8d10d7.qasm,64,0.3767518,9.8556,0,0.2912
c246552a.qasm,64,0.4388426,11.2494,0,0.2956
